Age Group,Sex,Year,Population
0 - 4,Females,2022,1497099
5 - 9,Females,2022,1629351
10 - 14,Females,2022,1705034
15 - 19,Females,2022,1606478
20 - 24,Females,2022,1695715
25 - 29,Females,2022,1884992
30 - 34,Females,2022,2058539
35 - 39,Females,2022,1994319
40 - 44,Females,2022,1887642
45 - 49,Females,2022,1765240
50 - 54,Females,2022,1965506
55 - 59,Females,2022,1961166
60 - 64,Females,2022,1719417
65 - 69,Females,2022,1453538
70 - 74,Females,2022,1393523
75 - 79,Females,2022,1219566
80 - 84,Females,2022,803315
85 - 89,Females,2022,536705
90 - 94,Females,2022,262268
95 - 99,Females,2022,75398
100 & over,Females,2022,11699
0 - 4,Females,2023,1482408
5 - 9,Females,2023,1621570
10 - 14,Females,2023,1712600
15 - 19,Females,2023,1661858
20 - 24,Females,2023,1743128
25 - 29,Females,2023,1930672
30 - 34,Females,2023,2087616
35 - 39,Females,2023,2053294
40 - 44,Females,2023,1946569
45 - 49,Females,2023,1748589
50 - 54,Females,2023,1940691
55 - 59,Females,2023,1971334
60 - 64,Females,2023,1770575
65 - 69,Females,2023,1483516
70 - 74,Females,2023,1358083
75 - 79,Females,2023,1276390
80 - 84,Females,2023,824712
85 - 89,Females,2023,548611
90 - 94,Females,2023,261413
95 - 99,Females,2023,72975
100 & over,Females,2023,10946
0 - 4,Females,2024,1467057
5 - 9,Females,2024,1614194
10 - 14,Females,2024,1713111
15 - 19,Females,2024,1696720
20 - 24,Females,2024,1779853
25 - 29,Females,2024,1958263
30 - 34,Females,2024,2115182
35 - 39,Females,2024,2103479
40 - 44,Females,2024,1976808
45 - 49,Females,2024,1771615
50 - 54,Females,2024,1900892
55 - 59,Females,2024,1973132
60 - 64,Females,2024,1821375
65 - 69,Females,2024,1517854
70 - 74,Females,2024,1346372
75 - 79,Females,2024,1301623
80 - 84,Females,2024,858406
85 - 89,Females,2024,561290
90 - 94,Females,2024,263259
95 - 99,Females,2024,72572
100 & over,Females,2024,10339
0 - 4,Females,2025,1454774
5 - 9,Females,2025,1602819
10 - 14,Females,2025,1707875
15 - 19,Females,2025,1728691
20 - 24,Females,2025,1813378
25 - 29,Females,2025,1976566
30 - 34,Females,2025,2126617
35 - 39,Females,2025,2143136
40 - 44,Females,2025,2002178
45 - 49,Females,2025,1815860
50 - 54,Females,2025,1865862
55 - 59,Females,2025,1961055
60 - 64,Females,2025,1869297
65 - 69,Females,2025,1561965
70 - 74,Females,2025,1340348
75 - 79,Females,2025,1319598
80 - 84,Females,2025,891988
85 - 89,Females,2025,568331
90 - 94,Females,2025,267960
95 - 99,Females,2025,73653
100 & over,Females,2025,9826
0 - 4,Females,2026,1449966
5 - 9,Females,2026,1577939
10 - 14,Females,2026,1699924
15 - 19,Females,2026,1760135
20 - 24,Females,2026,1838922
25 - 29,Females,2026,1986919
30 - 34,Females,2026,2127640
35 - 39,Females,2026,2178944
40 - 44,Females,2026,2029974
45 - 49,Females,2026,1866905
50 - 54,Females,2026,1813781
55 - 59,Females,2026,1959975
60 - 64,Females,2026,1902314
65 - 69,Females,2026,1610413
70 - 74,Females,2026,1350151
75 - 79,Females,2026,1325589
80 - 84,Females,2026,936617
85 - 89,Females,2026,565632
90 - 94,Females,2026,274772
95 - 99,Females,2026,74929
100 & over,Females,2026,9456
0 - 4,Females,2027,1440701
5 - 9,Females,2027,1561428
10 - 14,Females,2027,1682201
15 - 19,Females,2027,1783095
20 - 24,Females,2027,1859175
25 - 29,Females,2027,1979200
30 - 34,Females,2027,2134139
35 - 39,Females,2027,2203423
40 - 44,Females,2027,2067644
45 - 49,Females,2027,1919908
50 - 54,Females,2027,1770861
55 - 59,Females,2027,1943947
60 - 64,Females,2027,1920087
65 - 69,Females,2027,1661898
70 - 74,Females,2027,1373273
75 - 79,Females,2027,1265842
80 - 84,Females,2027,1029324
85 - 89,Females,2027,573987
90 - 94,Females,2027,283298
95 - 99,Females,2027,76492
100 & over,Females,2027,9214
0 - 4,Females,2028,1444556
5 - 9,Females,2028,1534654
10 - 14,Females,2028,1665088
15 - 19,Females,2028,1781014
20 - 24,Females,2028,1882354
25 - 29,Females,2028,1968447
30 - 34,Females,2028,2136723
35 - 39,Females,2028,2205640
40 - 44,Females,2028,2110906
45 - 49,Females,2028,1969228
50 - 54,Females,2028,1749020
55 - 59,Females,2028,1915865
60 - 64,Females,2028,1927554
65 - 69,Females,2028,1710489
70 - 74,Females,2028,1402128
75 - 79,Females,2028,1235313
80 - 84,Females,2028,1080947
85 - 89,Females,2028,594584
90 - 94,Females,2028,293383
95 - 99,Females,2028,78014
100 & over,Females,2028,9131
0 - 4,Females,2029,1449071
5 - 9,Females,2029,1510863
10 - 14,Females,2029,1651294
15 - 19,Females,2029,1775536
20 - 24,Females,2029,1895501
25 - 29,Females,2029,1964849
30 - 34,Females,2029,2134370
35 - 39,Females,2029,2214397
40 - 44,Females,2029,2150107
45 - 49,Females,2029,1992898
50 - 54,Females,2029,1768127
55 - 59,Females,2029,1874318
60 - 64,Females,2029,1927636
65 - 69,Females,2029,1758984
70 - 74,Females,2029,1435218
75 - 79,Females,2029,1225742
80 - 84,Females,2029,1104205
85 - 89,Females,2029,623845
90 - 94,Females,2029,302431
95 - 99,Females,2029,79991
100 & over,Females,2029,9248
0 - 4,Females,2030,1452157
5 - 9,Females,2030,1492151
10 - 14,Females,2030,1634975
15 - 19,Females,2030,1766121
20 - 24,Females,2030,1913255
25 - 29,Females,2030,1967898
30 - 34,Females,2030,2129384
35 - 39,Females,2030,2211034
40 - 44,Females,2030,2181141
45 - 49,Females,2030,2013198
50 - 54,Females,2030,1809010
55 - 59,Females,2030,1838140
60 - 64,Females,2030,1914624
65 - 69,Females,2030,1804831
70 - 74,Females,2030,1477600
75 - 79,Females,2030,1221295
80 - 84,Females,2030,1120063
85 - 89,Females,2030,652003
90 - 94,Females,2030,307955
95 - 99,Females,2030,83102
100 & over,Females,2030,9596
0 - 4,Females,2031,1454317
5 - 9,Females,2031,1483006
10 - 14,Females,2031,1606733
15 - 19,Females,2031,1755497
20 - 24,Females,2031,1936426
25 - 29,Females,2031,1973417
30 - 34,Females,2031,2123653
35 - 39,Females,2031,2201752
40 - 44,Females,2031,2210868
45 - 49,Females,2031,2037444
50 - 54,Females,2031,1857453
55 - 59,Females,2031,1785953
60 - 64,Females,2031,1912865
65 - 69,Females,2031,1836513
70 - 74,Females,2031,1524328
75 - 79,Females,2031,1231457
80 - 84,Females,2031,1124923
85 - 89,Females,2031,686715
90 - 94,Females,2031,307451
95 - 99,Females,2031,86731
100 & over,Females,2031,9950
0 - 4,Females,2032,1456051
5 - 9,Females,2032,1471609
10 - 14,Females,2032,1588522
15 - 19,Females,2032,1736461
20 - 24,Females,2032,1955798
25 - 29,Females,2032,1983975
30 - 34,Females,2032,2107673
35 - 39,Females,2032,2202864
40 - 44,Females,2032,2232138
45 - 49,Females,2032,2073163
50 - 54,Females,2032,1908778
55 - 59,Females,2032,1743503
60 - 64,Females,2032,1896976
65 - 69,Females,2032,1853781
70 - 74,Females,2032,1574175
75 - 79,Females,2032,1254009
80 - 84,Females,2032,1076885
85 - 89,Females,2032,760317
90 - 94,Females,2032,314482
95 - 99,Females,2032,90706
100 & over,Females,2032,10327
0 - 4,Females,2033,1457828
5 - 9,Females,2033,1475483
10 - 14,Females,2033,1561826
15 - 19,Females,2033,1719406
20 - 24,Females,2033,1953802
25 - 29,Females,2033,2007174
30 - 34,Females,2033,2096989
35 - 39,Females,2033,2205496
40 - 44,Females,2033,2234434
45 - 49,Females,2033,2116256
50 - 54,Females,2033,1957558
55 - 59,Females,2033,1722511
60 - 64,Females,2033,1869915
65 - 69,Females,2033,1861435
70 - 74,Females,2033,1621454
75 - 79,Females,2033,1282154
80 - 84,Females,2033,1053282
85 - 89,Females,2033,801457
90 - 94,Females,2033,329686
95 - 99,Females,2033,94906
100 & over,Females,2033,10687
0 - 4,Females,2034,1459962
5 - 9,Females,2034,1480011
10 - 14,Females,2034,1538110
15 - 19,Females,2034,1705677
20 - 24,Females,2034,1948385
25 - 29,Females,2034,2020453
30 - 34,Females,2034,2093443
35 - 39,Females,2034,2203195
40 - 44,Females,2034,2243263
45 - 49,Females,2034,2155298
50 - 54,Females,2034,1981039
55 - 59,Females,2034,1741768
60 - 64,Females,2034,1829792
65 - 69,Females,2034,1861996
70 - 74,Females,2034,1668535
75 - 79,Females,2034,1314269
80 - 84,Females,2034,1047206
85 - 89,Females,2034,820165
90 - 94,Females,2034,350063
95 - 99,Females,2034,98474
100 & over,Females,2034,11144
0 - 4,Females,2035,1462573
5 - 9,Females,2035,1483107
10 - 14,Females,2035,1519455
15 - 19,Females,2035,1689427
20 - 24,Females,2035,1939095
25 - 29,Females,2035,2038318
30 - 34,Females,2035,2096521
35 - 39,Females,2035,2198249
40 - 44,Females,2035,2240016
45 - 49,Females,2035,2186260
50 - 54,Females,2035,2001303
55 - 59,Females,2035,1782359
60 - 64,Females,2035,1794978
65 - 69,Females,2035,1849919
70 - 74,Females,2035,1712947
75 - 79,Females,2035,1354712
80 - 84,Females,2035,1045308
85 - 89,Females,2035,831952
90 - 94,Females,2035,368634
95 - 99,Females,2035,100746
100 & over,Females,2035,11825
0 - 4,Females,2036,1465762
5 - 9,Females,2036,1485279
10 - 14,Females,2036,1510343
15 - 19,Females,2036,1661257
20 - 24,Females,2036,1928544
25 - 29,Females,2036,2061585
30 - 34,Females,2036,2102071
35 - 39,Females,2036,2192564
40 - 44,Females,2036,2230903
45 - 49,Females,2036,2215918
50 - 54,Females,2036,2025502
55 - 59,Females,2036,1830254
60 - 64,Females,2036,1744643
65 - 69,Females,2036,1848798
70 - 74,Females,2036,1743820
75 - 79,Females,2036,1399242
80 - 84,Females,2036,1056017
85 - 89,Females,2036,834840
90 - 94,Females,2036,389484
95 - 99,Females,2036,100761
100 & over,Females,2036,12557
0 - 4,Females,2037,1469647
5 - 9,Females,2037,1487024
10 - 14,Females,2037,1498971
15 - 19,Females,2037,1643121
20 - 24,Females,2037,1909558
25 - 29,Females,2037,2081014
30 - 34,Females,2037,2112652
35 - 39,Females,2037,2176692
40 - 44,Females,2037,2232147
45 - 49,Females,2037,2237150
50 - 54,Females,2037,2061061
55 - 59,Females,2037,1880859
60 - 64,Females,2037,1703823
65 - 69,Females,2037,1833965
70 - 74,Females,2037,1761007
75 - 79,Females,2037,1446734
80 - 84,Females,2037,1077507
85 - 89,Females,2037,802669
90 - 94,Females,2037,436481
95 - 99,Females,2037,104356
100 & over,Females,2037,13309
0 - 4,Females,2038,1474206
5 - 9,Females,2038,1488811
10 - 14,Females,2038,1502865
15 - 19,Females,2038,1616491
20 - 24,Females,2038,1892573
25 - 29,Females,2038,2079044
30 - 34,Females,2038,2135865
35 - 39,Females,2038,2166113
40 - 44,Females,2038,2234856
45 - 49,Females,2038,2239565
50 - 54,Females,2038,2103915
55 - 59,Females,2038,1928937
60 - 64,Females,2038,1683942
65 - 69,Females,2038,1808349
70 - 74,Females,2038,1769041
75 - 79,Females,2038,1491827
80 - 84,Females,2038,1104083
85 - 89,Females,2038,788330
90 - 94,Females,2038,462340
95 - 99,Females,2038,111467
100 & over,Females,2038,14056
0 - 4,Females,2039,1479264
5 - 9,Females,2039,1490949
10 - 14,Females,2039,1507397
15 - 19,Females,2039,1592826
20 - 24,Females,2039,1878926
25 - 29,Females,2039,2073603
30 - 34,Females,2039,2149134
35 - 39,Females,2039,2162652
40 - 44,Females,2039,2232640
45 - 49,Females,2039,2248491
50 - 54,Females,2039,2142714
55 - 59,Females,2039,1952189
60 - 64,Females,2039,1703362
65 - 69,Females,2039,1770169
70 - 74,Females,2039,1770405
75 - 79,Females,2039,1536646
80 - 84,Females,2039,1134165
85 - 89,Females,2039,786720
90 - 94,Females,2039,473774
95 - 99,Females,2039,120348
100 & over,Females,2039,14673
0 - 4,Females,2040,1484663
5 - 9,Females,2040,1493565
10 - 14,Females,2040,1510501
15 - 19,Females,2040,1574222
20 - 24,Females,2040,1862743
25 - 29,Females,2040,2064239
30 - 34,Females,2040,2166950
35 - 39,Females,2040,2165810
40 - 44,Females,2040,2227774
45 - 49,Females,2040,2245405
50 - 54,Females,2040,2173548
55 - 59,Females,2040,1972414
60 - 64,Females,2040,1743554
65 - 69,Females,2040,1737151
70 - 74,Females,2040,1759750
75 - 79,Females,2040,1578835
80 - 84,Females,2040,1171096
85 - 89,Females,2040,787888
90 - 94,Females,2040,480013
95 - 99,Females,2040,127756
100 & over,Females,2040,15101
0 - 4,Females,2041,1490237
5 - 9,Females,2041,1496754
10 - 14,Females,2041,1512674
15 - 19,Females,2041,1565146
20 - 24,Females,2041,1834635
25 - 29,Females,2041,2053621
30 - 34,Females,2041,2190150
35 - 39,Females,2041,2171416
40 - 44,Females,2041,2222168
45 - 49,Females,2041,2236513
50 - 54,Females,2041,2203090
55 - 59,Females,2041,1996539
60 - 64,Females,2041,1790727
65 - 69,Females,2041,1689240
70 - 74,Females,2041,1759629
75 - 79,Females,2041,1608462
80 - 84,Females,2041,1211713
85 - 89,Females,2041,798657
90 - 94,Females,2041,480742
95 - 99,Females,2041,135324
100 & over,Females,2041,15160
0 - 4,Females,2042,1495771
5 - 9,Females,2042,1500637
10 - 14,Females,2042,1514416
15 - 19,Females,2042,1553814
20 - 24,Females,2042,1816547
25 - 29,Females,2042,2034604
30 - 34,Females,2042,2209509
35 - 39,Females,2042,2182030
40 - 44,Females,2042,2206442
45 - 49,Females,2042,2237930
50 - 54,Females,2042,2224262
55 - 59,Females,2042,2031853
60 - 64,Females,2042,1840407
65 - 69,Females,2042,1650501
70 - 74,Females,2042,1746348
75 - 79,Females,2042,1625515
80 - 84,Females,2042,1255085
85 - 89,Females,2042,817719
90 - 94,Females,2042,465903
95 - 99,Females,2042,154780
100 & over,Females,2042,16007
0 - 4,Females,2043,1500832
5 - 9,Females,2043,1505199
10 - 14,Females,2043,1516204
15 - 19,Females,2043,1557693
20 - 24,Females,2043,1789950
25 - 29,Females,2043,2017559
30 - 34,Females,2043,2207543
35 - 39,Females,2043,2205208
40 - 44,Females,2043,2195997
45 - 49,Females,2043,2240765
50 - 54,Females,2043,2226831
55 - 59,Females,2043,2074337
60 - 64,Females,2043,1887600
65 - 69,Females,2043,1632016
70 - 74,Females,2043,1722746
75 - 79,Females,2043,1634122
80 - 84,Females,2043,1296379
85 - 89,Females,2043,840989
90 - 94,Females,2043,461177
95 - 99,Females,2043,164660
100 & over,Females,2043,17512
0 - 4,Females,2044,1505014
5 - 9,Females,2044,1510254
10 - 14,Females,2044,1518342
15 - 19,Females,2044,1562221
20 - 24,Females,2044,1766285
25 - 29,Females,2044,2003816
30 - 34,Females,2044,2202139
35 - 39,Females,2044,2218440
40 - 44,Females,2044,2192657
45 - 49,Females,2044,2238692
50 - 54,Females,2044,2235879
55 - 59,Females,2044,2112762
60 - 64,Females,2044,1910620
65 - 69,Females,2044,1651599
70 - 74,Females,2044,1687193
75 - 79,Females,2044,1636691
80 - 84,Females,2044,1337350
85 - 89,Females,2044,866986
90 - 94,Females,2044,463526
95 - 99,Females,2044,168457
100 & over,Females,2044,19230
0 - 4,Females,2045,1508151
5 - 9,Females,2045,1515653
10 - 14,Females,2045,1520956
15 - 19,Females,2045,1565325
20 - 24,Females,2045,1747643
25 - 29,Females,2045,1987516
30 - 34,Females,2045,2192834
35 - 39,Females,2045,2236203
40 - 44,Females,2045,2195919
45 - 49,Females,2045,2233959
50 - 54,Females,2045,2233015
55 - 59,Females,2045,2143385
60 - 64,Females,2045,1930824
65 - 69,Females,2045,1691255
70 - 74,Females,2045,1656556
75 - 79,Females,2045,1628131
80 - 84,Females,2045,1375829
85 - 89,Females,2045,897722
90 - 94,Females,2045,467059
95 - 99,Females,2045,170069
100 & over,Females,2045,20513
0 - 4,Females,2046,1510150
5 - 9,Females,2046,1521222
10 - 14,Females,2046,1524147
15 - 19,Females,2046,1567493
20 - 24,Females,2046,1738496
25 - 29,Females,2046,1959287
30 - 34,Females,2046,2182309
35 - 39,Females,2046,2259313
40 - 44,Females,2046,2201614
45 - 49,Females,2046,2228480
50 - 54,Females,2046,2224435
55 - 59,Females,2046,2172727
60 - 64,Females,2046,1954850
65 - 69,Females,2046,1737519
70 - 74,Females,2046,1611911
75 - 79,Females,2046,1629482
80 - 84,Females,2046,1403292
85 - 89,Females,2046,931543
90 - 94,Females,2046,476354
95 - 99,Females,2046,169927
100 & over,Females,2046,21745
0 - 4,Females,2047,1510968
5 - 9,Females,2047,1526750
10 - 14,Females,2047,1528033
15 - 19,Females,2047,1569232
20 - 24,Females,2047,1727047
25 - 29,Females,2047,1941079
30 - 34,Females,2047,2163393
35 - 39,Females,2047,2278609
40 - 44,Females,2047,2212274
45 - 49,Females,2047,2212982
50 - 54,Females,2047,2226097
55 - 59,Females,2047,2193802
60 - 64,Females,2047,1989806
65 - 69,Females,2047,1786060
70 - 74,Females,2047,1575933
75 - 79,Females,2047,1618440
80 - 84,Females,2047,1419913
85 - 89,Females,2047,967824
90 - 94,Females,2047,490732
95 - 99,Females,2047,166822
100 & over,Females,2047,25573
0 - 4,Females,2048,1510354
5 - 9,Females,2048,1531811
10 - 14,Females,2048,1532590
15 - 19,Females,2048,1571018
20 - 24,Females,2048,1730827
25 - 29,Females,2048,1914385
30 - 34,Females,2048,2146448
35 - 39,Females,2048,2276681
40 - 44,Females,2048,2235434
45 - 49,Females,2048,2202738
50 - 54,Females,2048,2229107
55 - 59,Females,2048,2196578
60 - 64,Females,2048,2031779
65 - 69,Females,2048,1832173
70 - 74,Females,2048,1559281
75 - 79,Females,2048,1597707
80 - 84,Females,2048,1429180
85 - 89,Females,2048,1002533
90 - 94,Females,2048,507982
95 - 99,Females,2048,167296
100 & over,Females,2048,27261
0 - 4,Females,2049,1508068
5 - 9,Females,2049,1535997
10 - 14,Females,2049,1537640
15 - 19,Females,2049,1573153
20 - 24,Females,2049,1735287
25 - 29,Females,2049,1890618
30 - 34,Females,2049,2132798
35 - 39,Females,2049,2271359
40 - 44,Females,2049,2248659
45 - 49,Females,2049,2199579
50 - 54,Females,2049,2227250
55 - 59,Females,2049,2205785
60 - 64,Females,2049,2069701
65 - 69,Females,2049,1854972
70 - 74,Females,2049,1579061
75 - 79,Females,2049,1565869
80 - 84,Females,2049,1433389
85 - 89,Females,2049,1036948
90 - 94,Females,2049,526914
95 - 99,Females,2049,170128
100 & over,Females,2049,27796
0 - 4,Females,2050,1504165
5 - 9,Females,2050,1539146
10 - 14,Females,2050,1543031
15 - 19,Females,2050,1575763
20 - 24,Females,2050,1738327
25 - 29,Females,2050,1871906
30 - 34,Females,2050,2116595
35 - 39,Females,2050,2262171
40 - 44,Females,2050,2266375
45 - 49,Females,2050,2202980
50 - 54,Females,2050,2222725
55 - 59,Females,2050,2203232
60 - 64,Females,2050,2100041
65 - 69,Females,2050,1875195
70 - 74,Females,2050,1618024
75 - 79,Females,2050,1538560
80 - 84,Females,2050,1427815
85 - 89,Females,2050,1069197
90 - 94,Females,2050,548184
95 - 99,Females,2050,173020
100 & over,Females,2050,28009
0 - 4,Females,2051,1498731
5 - 9,Females,2051,1541158
10 - 14,Females,2051,1548594
15 - 19,Females,2051,1578942
20 - 24,Females,2051,1740437
25 - 29,Females,2051,1862735
30 - 34,Females,2051,2088512
35 - 39,Females,2051,2251770
40 - 44,Females,2051,2289416
45 - 49,Females,2051,2208784
50 - 54,Females,2051,2217460
55 - 59,Females,2051,2195083
60 - 64,Females,2051,2129128
65 - 69,Females,2051,1899118
70 - 74,Females,2051,1663107
75 - 79,Females,2051,1498532
80 - 84,Females,2051,1431211
85 - 89,Females,2051,1092810
90 - 94,Females,2051,571682
95 - 99,Females,2051,178161
100 & over,Females,2051,28075
0 - 4,Females,2052,1491877
5 - 9,Females,2052,1541989
10 - 14,Females,2052,1554114
15 - 19,Females,2052,1582823
20 - 24,Females,2052,1742113
25 - 29,Females,2052,1851289
30 - 34,Females,2052,2070460
35 - 39,Females,2052,2233016
40 - 44,Females,2052,2308670
45 - 49,Females,2052,2219517
50 - 54,Females,2052,2202302
55 - 59,Females,2052,2197086
60 - 64,Females,2052,2150104
65 - 69,Females,2052,1933624
70 - 74,Females,2052,1710129
75 - 79,Females,2052,1466443
80 - 84,Females,2052,1423347
85 - 89,Females,2052,1108195
90 - 94,Females,2052,597123
95 - 99,Females,2052,185337
100 & over,Females,2052,28255
0 - 4,Females,2053,1484066
5 - 9,Females,2053,1541393
10 - 14,Females,2053,1559171
15 - 19,Females,2053,1587377
20 - 24,Females,2053,1743846
25 - 29,Females,2053,1855087
30 - 34,Females,2053,2043904
35 - 39,Females,2053,2216247
40 - 44,Females,2053,2306807
45 - 49,Females,2053,2242670
50 - 54,Females,2053,2192360
55 - 59,Females,2053,2200355
60 - 64,Females,2053,2153190
65 - 69,Females,2053,1974955
70 - 74,Females,2053,1754786
75 - 79,Females,2053,1452363
80 - 84,Females,2053,1406700
85 - 89,Females,2053,1117898
90 - 94,Females,2053,621639
95 - 99,Females,2053,193795
100 & over,Females,2053,28872
0 - 4,Females,2054,1475863
5 - 9,Females,2054,1539126
10 - 14,Females,2054,1563362
15 - 19,Females,2054,1592425
20 - 24,Females,2054,1745934
25 - 29,Females,2054,1859568
30 - 34,Females,2054,2020275
35 - 39,Females,2054,2202751
40 - 44,Females,2054,2301602
45 - 49,Females,2054,2255918
50 - 54,Females,2054,2189444
55 - 59,Females,2054,2198824
60 - 64,Females,2054,2162619
65 - 69,Females,2054,2012271
70 - 74,Females,2054,1777317
75 - 79,Females,2054,1472371
80 - 84,Females,2054,1380226
85 - 89,Females,2054,1123990
90 - 94,Females,2054,645934
95 - 99,Females,2054,202862
100 & over,Females,2054,29767
0 - 4,Females,2055,1467565
5 - 9,Females,2055,1535247
10 - 14,Females,2055,1566516
15 - 19,Females,2055,1597815
20 - 24,Females,2055,1748500
25 - 29,Females,2055,1862628
30 - 34,Females,2055,2001694
35 - 39,Females,2055,2186716
40 - 44,Females,2055,2292554
45 - 49,Females,2055,2273623
50 - 54,Females,2055,2193040
55 - 59,Females,2055,2194613
60 - 64,Females,2055,2160517
65 - 69,Females,2055,2042293
70 - 74,Females,2055,1797618
75 - 79,Females,2055,1510320
80 - 84,Females,2055,1357710
85 - 89,Females,2055,1122324
90 - 94,Females,2055,668622
95 - 99,Females,2055,212501
100 & over,Females,2055,30562
0 - 4,Females,2056,1459503
5 - 9,Females,2056,1529842
10 - 14,Females,2056,1568539
15 - 19,Females,2056,1603379
20 - 24,Females,2056,1751650
25 - 29,Females,2056,1864757
30 - 34,Females,2056,1992607
35 - 39,Females,2056,2158866
40 - 44,Females,2056,2282309
45 - 49,Females,2056,2296609
50 - 54,Females,2056,2198996
55 - 59,Females,2056,2189668
60 - 64,Females,2056,2152965
65 - 69,Females,2056,2071094
70 - 74,Females,2056,1821444
75 - 79,Females,2056,1553680
80 - 84,Females,2056,1324505
85 - 89,Females,2056,1128198
90 - 94,Females,2056,685818
95 - 99,Females,2056,223299
100 & over,Females,2056,31808
0 - 4,Females,2057,1451946
5 - 9,Females,2057,1523020
10 - 14,Females,2057,1569388
15 - 19,Females,2057,1608901
20 - 24,Females,2057,1755513
25 - 29,Females,2057,1866459
30 - 34,Females,2057,1981248
35 - 39,Females,2057,2141022
40 - 44,Females,2057,2263752
45 - 49,Females,2057,2315824
50 - 54,Females,2057,2209834
55 - 59,Females,2057,2174997
60 - 64,Females,2057,2155415
65 - 69,Females,2057,2092005
70 - 74,Females,2057,1855367
75 - 79,Females,2057,1598458
80 - 84,Females,2057,1298143
85 - 89,Females,2057,1124576
90 - 94,Females,2057,698117
95 - 99,Females,2057,235164
100 & over,Females,2057,33465
0 - 4,Females,2058,1445131
5 - 9,Females,2058,1515249
10 - 14,Females,2058,1568806
15 - 19,Females,2058,1613964
20 - 24,Females,2058,1760058
25 - 29,Females,2058,1868214
30 - 34,Females,2058,1985100
35 - 39,Females,2058,2114664
40 - 44,Females,2058,2247181
45 - 49,Females,2058,2314067
50 - 54,Females,2058,2232997
55 - 59,Females,2058,2165479
60 - 64,Females,2058,2159043
65 - 69,Females,2058,2095553
70 - 74,Females,2058,1895869
75 - 79,Females,2058,1640957
80 - 84,Females,2058,1287814
85 - 89,Females,2058,1113612
90 - 94,Females,2058,706927
95 - 99,Females,2058,246631
100 & over,Females,2058,35407
0 - 4,Females,2059,1439271
5 - 9,Females,2059,1507085
10 - 14,Females,2059,1566552
15 - 19,Females,2059,1618163
20 - 24,Females,2059,1765112
25 - 29,Females,2059,1870323
30 - 34,Females,2059,1989604
35 - 39,Females,2059,2091242
40 - 44,Females,2059,2233861
45 - 49,Females,2059,2309011
50 - 54,Females,2059,2246294
55 - 59,Females,2059,2162929
60 - 64,Females,2059,2157963
65 - 69,Females,2059,2105302
70 - 74,Females,2059,1932405
75 - 79,Females,2059,1663048
80 - 84,Females,2059,1308064
85 - 89,Females,2059,1094816
90 - 94,Females,2059,713913
95 - 99,Females,2059,257979
100 & over,Females,2059,37448
0 - 4,Females,2060,1434454
5 - 9,Females,2060,1498825
10 - 14,Females,2060,1562691
15 - 19,Females,2060,1621325
20 - 24,Females,2060,1770517
25 - 29,Females,2060,1872910
30 - 34,Females,2060,1992682
35 - 39,Females,2060,2072838
40 - 44,Females,2060,2218018
45 - 49,Females,2060,2300141
50 - 54,Females,2060,2263994
55 - 59,Females,2060,2166786
60 - 64,Females,2060,2154214
65 - 69,Females,2060,2103826
70 - 74,Females,2060,1962045
75 - 79,Females,2060,1683437
80 - 84,Females,2060,1344381
85 - 89,Females,2060,1079178
90 - 94,Females,2060,715858
95 - 99,Females,2060,268520
100 & over,Females,2060,39525
0 - 4,Males,2022,1568276
5 - 9,Males,2022,1707638
10 - 14,Males,2022,1789255
15 - 19,Males,2022,1703618
20 - 24,Males,2022,1740839
25 - 29,Males,2022,1836278
30 - 34,Males,2022,1933496
35 - 39,Males,2022,1865668
40 - 44,Males,2022,1798188
45 - 49,Males,2022,1713834
50 - 54,Males,2022,1901068
55 - 59,Males,2022,1892533
60 - 64,Males,2022,1661598
65 - 69,Males,2022,1372227
70 - 74,Males,2022,1264199
75 - 79,Males,2022,1064194
80 - 84,Males,2022,634345
85 - 89,Males,2022,367817
90 - 94,Males,2022,140311
95 - 99,Males,2022,28064
100 & over,Males,2022,2586
0 - 4,Males,2023,1555337
5 - 9,Males,2023,1699648
10 - 14,Males,2023,1798745
15 - 19,Males,2023,1761118
20 - 24,Males,2023,1807379
25 - 29,Males,2023,1898591
30 - 34,Males,2023,1978361
35 - 39,Males,2023,1922683
40 - 44,Males,2023,1847200
45 - 49,Males,2023,1694911
50 - 54,Males,2023,1878389
55 - 59,Males,2023,1900182
60 - 64,Males,2023,1705316
65 - 69,Males,2023,1402175
70 - 74,Males,2023,1233102
75 - 79,Males,2023,1112987
80 - 84,Males,2023,654181
85 - 89,Males,2023,378919
90 - 94,Males,2023,142851
95 - 99,Males,2023,28063
100 & over,Males,2023,2523
0 - 4,Males,2024,1540171
5 - 9,Males,2024,1694182
10 - 14,Males,2024,1798882
15 - 19,Males,2024,1795141
20 - 24,Males,2024,1860880
25 - 29,Males,2024,1945598
30 - 34,Males,2024,2018932
35 - 39,Males,2024,1973333
40 - 44,Males,2024,1869913
45 - 49,Males,2024,1712015
50 - 54,Males,2024,1840565
55 - 59,Males,2024,1900315
60 - 64,Males,2024,1748661
65 - 69,Males,2024,1436992
70 - 74,Males,2024,1221839
75 - 79,Males,2024,1133138
80 - 84,Males,2024,685975
85 - 89,Males,2024,390310
90 - 94,Males,2024,146649
95 - 99,Males,2024,28850
100 & over,Males,2024,2482
0 - 4,Males,2025,1529182
5 - 9,Males,2025,1682870
10 - 14,Males,2025,1793086
15 - 19,Males,2025,1824854
20 - 24,Males,2025,1910384
25 - 29,Males,2025,1981435
30 - 34,Males,2025,2045112
35 - 39,Males,2025,2014782
40 - 44,Males,2025,1890098
45 - 49,Males,2025,1747229
50 - 54,Males,2025,1807424
55 - 59,Males,2025,1887273
60 - 64,Males,2025,1787626
65 - 69,Males,2025,1480401
70 - 74,Males,2025,1218488
75 - 79,Males,2025,1145499
80 - 84,Males,2025,716350
85 - 89,Males,2025,396758
90 - 94,Males,2025,152063
95 - 99,Males,2025,30239
100 & over,Males,2025,2481
0 - 4,Males,2026,1525269
5 - 9,Males,2026,1656760
10 - 14,Males,2026,1784622
15 - 19,Males,2026,1856888
20 - 24,Males,2026,1949655
25 - 29,Males,2026,2004363
30 - 34,Males,2026,2061022
35 - 39,Males,2026,2056642
40 - 44,Males,2026,1914158
45 - 49,Males,2026,1786175
50 - 54,Males,2026,1758678
55 - 59,Males,2026,1884647
60 - 64,Males,2026,1811829
65 - 69,Males,2026,1525444
70 - 74,Males,2026,1229932
75 - 79,Males,2026,1148554
80 - 84,Males,2026,755202
85 - 89,Males,2026,395697
90 - 94,Males,2026,157909
95 - 99,Males,2026,31812
100 & over,Males,2026,2507
0 - 4,Males,2027,1516061
5 - 9,Males,2027,1640686
10 - 14,Males,2027,1766088
15 - 19,Males,2027,1879158
20 - 24,Males,2027,1978645
25 - 29,Males,2027,2013310
30 - 34,Males,2027,2081655
35 - 39,Males,2027,2091387
40 - 44,Males,2027,1942452
45 - 49,Males,2027,1828551
50 - 54,Males,2027,1715111
55 - 59,Males,2027,1867143
60 - 64,Males,2027,1827837
65 - 69,Males,2027,1571169
70 - 74,Males,2027,1253704
75 - 79,Males,2027,1093416
80 - 84,Males,2027,835507
85 - 89,Males,2027,403290
90 - 94,Males,2027,164813
95 - 99,Males,2027,33379
100 & over,Males,2027,2569
0 - 4,Males,2028,1519732
5 - 9,Males,2028,1614067
10 - 14,Males,2028,1747391
15 - 19,Males,2028,1877300
20 - 24,Males,2028,2001101
25 - 29,Males,2028,2024043
30 - 34,Males,2028,2099536
35 - 39,Males,2028,2104712
40 - 44,Males,2028,1979584
45 - 49,Males,2028,1865533
50 - 54,Males,2028,1690134
55 - 59,Males,2028,1840689
60 - 64,Males,2028,1832271
65 - 69,Males,2028,1611591
70 - 74,Males,2028,1282546
75 - 79,Males,2028,1068062
80 - 84,Males,2028,878319
85 - 89,Males,2028,420653
90 - 94,Males,2028,172232
95 - 99,Males,2028,34825
100 & over,Males,2028,2650
0 - 4,Males,2029,1524237
5 - 9,Males,2029,1589348
10 - 14,Males,2029,1734604
15 - 19,Males,2029,1870415
20 - 24,Males,2029,2010938
25 - 29,Males,2029,2039041
30 - 34,Males,2029,2115927
35 - 39,Males,2029,2123367
40 - 44,Males,2029,2016489
45 - 49,Males,2029,1880229
50 - 54,Males,2029,1702780
55 - 59,Males,2029,1800991
60 - 64,Males,2029,1830392
65 - 69,Males,2029,1651759
70 - 74,Males,2029,1315561
75 - 79,Males,2029,1059293
80 - 84,Males,2029,896130
85 - 89,Males,2029,445567
90 - 94,Males,2029,178632
95 - 99,Males,2029,36343
100 & over,Males,2029,2777
0 - 4,Males,2030,1527354
5 - 9,Males,2030,1571089
10 - 14,Males,2030,1717647
15 - 19,Males,2030,1859782
20 - 24,Males,2030,2024336
25 - 29,Males,2030,2059522
30 - 34,Males,2030,2128199
35 - 39,Males,2030,2132505
40 - 44,Males,2030,2047146
45 - 49,Males,2030,1894242
50 - 54,Males,2030,1734216
55 - 59,Males,2030,1766719
60 - 64,Males,2030,1816430
65 - 69,Males,2030,1687919
70 - 74,Males,2030,1356274
75 - 79,Males,2030,1057566
80 - 84,Males,2030,905843
85 - 89,Males,2030,468764
90 - 94,Males,2030,182422
95 - 99,Males,2030,38409
100 & over,Males,2030,2979
0 - 4,Males,2031,1529575
5 - 9,Males,2031,1562286
10 - 14,Males,2031,1687695
15 - 19,Males,2031,1848206
20 - 24,Males,2031,2046646
25 - 29,Males,2031,2079658
30 - 34,Males,2031,2135015
35 - 39,Males,2031,2136675
40 - 44,Males,2031,2081413
45 - 49,Males,2031,1913981
50 - 54,Males,2031,1770322
55 - 59,Males,2031,1718245
60 - 64,Males,2031,1813184
65 - 69,Males,2031,1710386
70 - 74,Males,2031,1398588
75 - 79,Males,2031,1069168
80 - 84,Males,2031,907166
85 - 89,Males,2031,496384
90 - 94,Males,2031,182216
95 - 99,Males,2031,40520
100 & over,Males,2031,3195
0 - 4,Males,2032,1531395
5 - 9,Males,2032,1550678
10 - 14,Males,2032,1669671
15 - 19,Males,2032,1828202
20 - 24,Males,2032,2064632
25 - 29,Males,2032,2099296
30 - 34,Males,2032,2135724
35 - 39,Males,2032,2151223
40 - 44,Males,2032,2112156
45 - 49,Males,2032,1939966
50 - 54,Males,2032,1810935
55 - 59,Males,2032,1675756
60 - 64,Males,2032,1796223
65 - 69,Males,2032,1725520
70 - 74,Males,2032,1441574
75 - 79,Males,2032,1091725
80 - 84,Males,2032,865421
85 - 89,Males,2032,554784
90 - 94,Males,2032,187222
95 - 99,Males,2032,42838
100 & over,Males,2032,3404
0 - 4,Males,2033,1533271
5 - 9,Males,2033,1554383
10 - 14,Males,2033,1643125
15 - 19,Males,2033,1809609
20 - 24,Males,2033,2062880
25 - 29,Males,2033,2121792
30 - 34,Males,2033,2146472
35 - 39,Males,2033,2169116
40 - 44,Males,2033,2125594
45 - 49,Males,2033,1976985
50 - 54,Males,2033,1847569
55 - 59,Males,2033,1652350
60 - 64,Males,2033,1771334
65 - 69,Males,2033,1730146
70 - 74,Males,2033,1479829
75 - 79,Males,2033,1119160
80 - 84,Males,2033,847081
85 - 89,Males,2033,585770
90 - 94,Males,2033,197863
95 - 99,Males,2033,45156
100 & over,Males,2033,3594
0 - 4,Males,2034,1535516
5 - 9,Males,2034,1558901
10 - 14,Males,2034,1618483
15 - 19,Males,2034,1796905
20 - 24,Males,2034,2056126
25 - 29,Males,2034,2131780
30 - 34,Males,2034,2161462
35 - 39,Males,2034,2185509
40 - 44,Males,2034,2144345
45 - 49,Males,2034,2013744
50 - 54,Males,2034,1862322
55 - 59,Males,2034,1665641
60 - 64,Males,2034,1733802
65 - 69,Males,2034,1728942
70 - 74,Males,2034,1517729
75 - 79,Males,2034,1150143
80 - 84,Males,2034,841860
85 - 89,Males,2034,598530
90 - 94,Males,2034,212470
95 - 99,Males,2034,47045
100 & over,Males,2034,3804
0 - 4,Males,2035,1538262
5 - 9,Males,2035,1562028
10 - 14,Males,2035,1600287
15 - 19,Males,2035,1780027
20 - 24,Males,2035,2045676
25 - 29,Males,2035,2145332
30 - 34,Males,2035,2181914
35 - 39,Males,2035,2197756
40 - 44,Males,2035,2153636
45 - 49,Males,2035,2044342
50 - 54,Males,2035,1876528
55 - 59,Males,2035,1697150
60 - 64,Males,2035,1701597
65 - 69,Males,2035,1716396
70 - 74,Males,2035,1551819
75 - 79,Males,2035,1187518
80 - 84,Males,2035,842262
85 - 89,Males,2035,604229
90 - 94,Males,2035,225449
95 - 99,Males,2035,48161
100 & over,Males,2035,4095
0 - 4,Males,2036,1541612
5 - 9,Males,2036,1564257
10 - 14,Males,2036,1591524
15 - 19,Males,2036,1750175
20 - 24,Males,2036,2034290
25 - 29,Males,2036,2167771
30 - 34,Males,2036,2202004
35 - 39,Males,2036,2204559
40 - 44,Males,2036,2157997
45 - 49,Males,2036,2078525
50 - 54,Males,2036,1896377
55 - 59,Males,2036,1733005
60 - 64,Males,2036,1655916
65 - 69,Males,2036,1714166
70 - 74,Males,2036,1573290
75 - 79,Males,2036,1226339
80 - 84,Males,2036,853716
85 - 89,Males,2036,603800
90 - 94,Males,2036,239738
95 - 99,Males,2036,48065
100 & over,Males,2036,4381
0 - 4,Males,2037,1545689
5 - 9,Males,2037,1566087
10 - 14,Males,2037,1579956
15 - 19,Males,2037,1732256
20 - 24,Males,2037,2014429
25 - 29,Males,2037,2185882
30 - 34,Males,2037,2221610
35 - 39,Males,2037,2205317
40 - 44,Males,2037,2172642
45 - 49,Males,2037,2109209
50 - 54,Males,2037,1922351
55 - 59,Males,2037,1773067
60 - 64,Males,2037,1616057
65 - 69,Males,2037,1698956
70 - 74,Males,2037,1588103
75 - 79,Males,2037,1265703
80 - 84,Males,2037,874019
85 - 89,Males,2037,578483
90 - 94,Males,2037,271997
95 - 99,Males,2037,50026
100 & over,Males,2037,4688
0 - 4,Males,2038,1550483
5 - 9,Males,2038,1567972
10 - 14,Males,2038,1583680
15 - 19,Males,2038,1705794
20 - 24,Males,2038,1996003
25 - 29,Males,2038,2184218
30 - 34,Males,2038,2244105
35 - 39,Males,2038,2216065
40 - 44,Males,2038,2190563
45 - 49,Males,2038,2122769
50 - 54,Males,2038,1959186
55 - 59,Males,2038,1809159
60 - 64,Males,2038,1594612
65 - 69,Males,2038,1676241
70 - 74,Males,2038,1593255
75 - 79,Males,2038,1300929
80 - 84,Males,2038,898673
85 - 89,Males,2038,568740
90 - 94,Males,2038,288474
95 - 99,Males,2038,53966
100 & over,Males,2038,4983
0 - 4,Males,2039,1555802
5 - 9,Males,2039,1570226
10 - 14,Males,2039,1588199
15 - 19,Males,2039,1681247
20 - 24,Males,2039,1983479
25 - 29,Males,2039,2177482
30 - 34,Males,2039,2254149
35 - 39,Males,2039,2231037
40 - 44,Males,2039,2206980
45 - 49,Males,2039,2141612
50 - 54,Males,2039,1995714
55 - 59,Males,2039,1823949
60 - 64,Males,2039,1608545
65 - 69,Males,2039,1641625
70 - 74,Males,2039,1593190
75 - 79,Males,2039,1335756
80 - 84,Males,2039,926060
85 - 89,Males,2039,567646
90 - 94,Males,2039,294829
95 - 99,Males,2039,59066
100 & over,Males,2039,5214
0 - 4,Males,2040,1561474
5 - 9,Males,2040,1572980
10 - 14,Males,2040,1591327
15 - 19,Males,2040,1663135
20 - 24,Males,2040,1966822
25 - 29,Males,2040,2167017
30 - 34,Males,2040,2267718
35 - 39,Males,2040,2251474
40 - 44,Males,2040,2219235
45 - 49,Males,2040,2151071
50 - 54,Males,2040,2026201
55 - 59,Males,2040,1838382
60 - 64,Males,2040,1639934
65 - 69,Males,2040,1612108
70 - 74,Males,2040,1582712
75 - 79,Males,2040,1367131
80 - 84,Males,2040,958201
85 - 89,Males,2040,570153
90 - 94,Males,2040,296836
95 - 99,Males,2040,63233
100 & over,Males,2040,5358
0 - 4,Males,2041,1567333
5 - 9,Males,2041,1576331
10 - 14,Males,2041,1593563
15 - 19,Males,2041,1654422
20 - 24,Males,2041,1937200
25 - 29,Males,2041,2155632
30 - 34,Males,2041,2290140
35 - 39,Males,2041,2271548
40 - 44,Males,2041,2226073
45 - 49,Males,2041,2155650
50 - 54,Males,2041,2060225
55 - 59,Males,2041,1858312
60 - 64,Males,2041,1675275
65 - 69,Males,2041,1570024
70 - 74,Males,2041,1581937
75 - 79,Males,2041,1387388
80 - 84,Males,2041,991714
85 - 89,Males,2041,580529
90 - 94,Males,2041,295922
95 - 99,Males,2041,67476
100 & over,Males,2041,5354
0 - 4,Males,2042,1573145
5 - 9,Males,2042,1580410
10 - 14,Males,2042,1595400
15 - 19,Males,2042,1642884
20 - 24,Males,2042,1919421
25 - 29,Males,2042,2135811
30 - 34,Males,2042,2308240
35 - 39,Males,2042,2291132
40 - 44,Males,2042,2226940
45 - 49,Males,2042,2170419
50 - 54,Males,2042,2090777
55 - 59,Males,2042,1884179
60 - 64,Males,2042,1714457
65 - 69,Males,2042,1533442
70 - 74,Males,2042,1569135
75 - 79,Males,2042,1401926
80 - 84,Males,2042,1025725
85 - 89,Males,2042,596935
90 - 94,Males,2042,286013
95 - 99,Males,2042,78383
100 & over,Males,2042,5690
0 - 4,Males,2043,1578463
5 - 9,Males,2043,1585207
10 - 14,Males,2043,1597284
15 - 19,Males,2043,1646645
20 - 24,Males,2043,1893098
25 - 29,Males,2043,2117372
30 - 34,Males,2043,2306625
35 - 39,Males,2043,2313605
40 - 44,Males,2043,2237730
45 - 49,Males,2043,2188385
50 - 54,Males,2043,2104451
55 - 59,Males,2043,1920666
60 - 64,Males,2043,1749728
65 - 69,Males,2043,1514324
70 - 74,Males,2043,1549310
75 - 79,Males,2043,1407951
80 - 84,Males,2043,1056506
85 - 89,Males,2043,616806
90 - 94,Males,2043,283816
95 - 99,Males,2043,83355
100 & over,Males,2043,6298
0 - 4,Males,2044,1582855
5 - 9,Males,2044,1590522
10 - 14,Males,2044,1599536
15 - 19,Males,2044,1651169
20 - 24,Males,2044,1868699
25 - 29,Males,2044,2104792
30 - 34,Males,2044,2299953
35 - 39,Males,2044,2323673
40 - 44,Males,2044,2252726
45 - 49,Males,2044,2204851
50 - 54,Males,2044,2123356
55 - 59,Males,2044,1956783
60 - 64,Males,2044,1764527
65 - 69,Males,2044,1528811
70 - 74,Males,2044,1518482
75 - 79,Males,2044,1409550
80 - 84,Males,2044,1086925
85 - 89,Males,2044,638416
90 - 94,Males,2044,285714
95 - 99,Males,2044,84911
100 & over,Males,2044,7027
0 - 4,Males,2045,1586153
5 - 9,Males,2045,1596187
10 - 14,Males,2045,1602294
15 - 19,Males,2045,1654300
20 - 24,Males,2045,1850669
25 - 29,Males,2045,2088046
30 - 34,Males,2045,2289578
35 - 39,Males,2045,2337234
40 - 44,Males,2045,2273178
45 - 49,Males,2045,2217148
50 - 54,Males,2045,2132986
55 - 59,Males,2045,1987035
60 - 64,Males,2045,1779193
65 - 69,Males,2045,1559787
70 - 74,Males,2045,1492359
75 - 79,Males,2045,1401928
80 - 84,Males,2045,1114454
85 - 89,Males,2045,662918
90 - 94,Males,2045,289118
95 - 99,Males,2045,85070
100 & over,Males,2045,7566
0 - 4,Males,2046,1588255
5 - 9,Males,2046,1602040
10 - 14,Males,2046,1605646
15 - 19,Males,2046,1656539
20 - 24,Males,2046,1841973
25 - 29,Males,2046,2058323
30 - 34,Males,2046,2278313
35 - 39,Males,2046,2359607
40 - 44,Males,2046,2293257
45 - 49,Males,2046,2224065
50 - 54,Males,2046,2137832
55 - 59,Males,2046,2020753
60 - 64,Males,2046,1799137
65 - 69,Males,2046,1594268
70 - 74,Males,2046,1454813
75 - 79,Males,2046,1403111
80 - 84,Males,2046,1132950
85 - 89,Males,2046,688725
90 - 94,Males,2046,296783
95 - 99,Males,2046,84700
100 & over,Males,2046,8097
0 - 4,Males,2047,1589112
5 - 9,Males,2047,1607851
10 - 14,Males,2047,1609723
15 - 19,Males,2047,1658382
20 - 24,Males,2047,1830444
25 - 29,Males,2047,2040423
30 - 34,Males,2047,2258633
35 - 39,Males,2047,2377678
40 - 44,Males,2047,2312833
45 - 49,Males,2047,2225096
50 - 54,Males,2047,2152741
55 - 59,Males,2047,2051035
60 - 64,Males,2047,1824759
65 - 69,Males,2047,1632194
70 - 74,Males,2047,1422285
75 - 79,Males,2047,1393512
80 - 84,Males,2047,1146985
85 - 89,Males,2047,715044
90 - 94,Males,2047,307512
95 - 99,Males,2047,83113
100 & over,Males,2047,9702
0 - 4,Males,2048,1588469
5 - 9,Males,2048,1613169
10 - 14,Males,2048,1614514
15 - 19,Males,2048,1660273
20 - 24,Males,2048,1834130
25 - 29,Males,2048,2014024
30 - 34,Males,2048,2240318
35 - 39,Males,2048,2376147
40 - 44,Males,2048,2335305
45 - 49,Males,2048,2235978
50 - 54,Males,2048,2170756
55 - 59,Males,2048,2064809
60 - 64,Males,2048,1860668
65 - 69,Males,2048,1666337
70 - 74,Males,2048,1405972
75 - 79,Males,2048,1377460
80 - 84,Males,2048,1154046
85 - 89,Males,2048,739306
90 - 94,Males,2048,320421
95 - 99,Males,2048,83809
100 & over,Males,2048,10315
0 - 4,Males,2049,1586074
5 - 9,Males,2049,1617562
10 - 14,Males,2049,1619826
15 - 19,Males,2049,1662526
20 - 24,Males,2049,1838617
25 - 29,Males,2049,1989499
30 - 34,Males,2049,2227834
35 - 39,Males,2049,2369604
40 - 44,Males,2049,2345424
45 - 49,Males,2049,2251042
50 - 54,Males,2049,2187288
55 - 59,Males,2049,2083734
60 - 64,Males,2049,1896141
65 - 69,Males,2049,1681147
70 - 74,Males,2049,1420939
75 - 79,Males,2049,1351565
80 - 84,Males,2049,1157708
85 - 89,Males,2049,763294
90 - 94,Males,2049,334098
95 - 99,Males,2049,85558
100 & over,Males,2049,10467
0 - 4,Males,2050,1581980
5 - 9,Males,2050,1620867
10 - 14,Males,2050,1625489
15 - 19,Males,2050,1665282
20 - 24,Males,2050,1841716
25 - 29,Males,2050,1971371
30 - 34,Males,2050,2211193
35 - 39,Males,2050,2359387
40 - 44,Males,2050,2359007
45 - 49,Males,2050,2271526
50 - 54,Males,2050,2199658
55 - 59,Males,2050,2093566
60 - 64,Males,2050,1926010
65 - 69,Males,2050,1696068
70 - 74,Males,2050,1451217
75 - 79,Males,2050,1329801
80 - 84,Males,2050,1153715
85 - 89,Males,2050,785162
90 - 94,Males,2050,348999
95 - 99,Males,2050,87545
100 & over,Males,2050,10481
0 - 4,Males,2051,1576280
5 - 9,Males,2051,1622979
10 - 14,Males,2051,1631346
15 - 19,Males,2051,1668637
20 - 24,Males,2051,1843923
25 - 29,Males,2051,1962607
30 - 34,Males,2051,2181620
35 - 39,Males,2051,2348302
40 - 44,Males,2051,2381343
45 - 49,Males,2051,2291614
50 - 54,Males,2051,2206696
55 - 59,Males,2051,2098761
60 - 64,Males,2051,1959259
65 - 69,Males,2051,1715985
70 - 74,Males,2051,1484498
75 - 79,Males,2051,1298181
80 - 84,Males,2051,1157243
85 - 89,Males,2051,800665
90 - 94,Males,2051,364951
95 - 99,Males,2051,90977
100 & over,Males,2051,10509
0 - 4,Males,2052,1569089
5 - 9,Males,2052,1623847
10 - 14,Males,2052,1637157
15 - 19,Males,2052,1672712
20 - 24,Males,2052,1845741
25 - 29,Males,2052,1951063
30 - 34,Males,2052,2163859
35 - 39,Males,2052,2328843
40 - 44,Males,2052,2399401
45 - 49,Males,2052,2311198
50 - 54,Males,2052,2207984
55 - 59,Males,2052,2113860
60 - 64,Males,2052,1989139
65 - 69,Males,2052,1741248
70 - 74,Males,2052,1520714
75 - 79,Males,2052,1270931
80 - 84,Males,2052,1151659
85 - 89,Males,2052,813271
90 - 94,Males,2052,381339
95 - 99,Males,2052,95340
100 & over,Males,2052,10578
0 - 4,Males,2053,1560904
5 - 9,Males,2053,1623225
10 - 14,Males,2053,1642472
15 - 19,Males,2053,1677501
20 - 24,Males,2053,1847611
25 - 29,Males,2053,1954754
30 - 34,Males,2053,2137594
35 - 39,Males,2053,2310742
40 - 44,Males,2053,2397990
45 - 49,Males,2053,2333672
50 - 54,Males,2053,2219009
55 - 59,Males,2053,2131942
60 - 64,Males,2053,2003042
65 - 69,Males,2053,1776352
70 - 74,Males,2053,1553349
75 - 79,Males,2053,1258212
80 - 84,Males,2053,1140392
85 - 89,Males,2053,820873
90 - 94,Males,2053,396791
95 - 99,Males,2053,100563
100 & over,Males,2053,10894
0 - 4,Males,2054,1552298
5 - 9,Males,2054,1620851
10 - 14,Males,2054,1646870
15 - 19,Males,2054,1682815
20 - 24,Males,2054,1849844
25 - 29,Males,2054,1959268
30 - 34,Males,2054,2113210
35 - 39,Males,2054,2298441
40 - 44,Males,2054,2391620
45 - 49,Males,2054,2343873
50 - 54,Males,2054,2234181
55 - 59,Males,2054,2148585
60 - 64,Males,2054,2021991
65 - 69,Males,2054,1810960
70 - 74,Males,2054,1568190
75 - 79,Males,2054,1273662
80 - 84,Males,2054,1120873
85 - 89,Males,2054,826351
90 - 94,Males,2054,412081
95 - 99,Males,2054,105921
100 & over,Males,2054,11294
0 - 4,Males,2055,1543590
5 - 9,Males,2055,1616789
10 - 14,Males,2055,1650177
15 - 19,Males,2055,1688481
20 - 24,Males,2055,1852580
25 - 29,Males,2055,1962394
30 - 34,Males,2055,2095214
35 - 39,Males,2055,2282006
40 - 44,Males,2055,2381597
45 - 49,Males,2055,2357507
50 - 54,Males,2055,2254707
55 - 59,Males,2055,2161065
60 - 64,Males,2055,2032122
65 - 69,Males,2055,1840333
70 - 74,Males,2055,1583438
75 - 79,Males,2055,1302887
80 - 84,Males,2055,1104709
85 - 89,Males,2055,826224
90 - 94,Males,2055,426153
95 - 99,Males,2055,111538
100 & over,Males,2055,11686
0 - 4,Males,2056,1535128
5 - 9,Males,2056,1611124
10 - 14,Males,2056,1652291
15 - 19,Males,2056,1694339
20 - 24,Males,2056,1855917
25 - 29,Males,2056,1964632
30 - 34,Males,2056,2086557
35 - 39,Males,2056,2252718
40 - 44,Males,2056,2370729
45 - 49,Males,2056,2379814
50 - 54,Males,2056,2274801
55 - 59,Males,2056,2168294
60 - 64,Males,2056,2037818
65 - 69,Males,2056,1872947
70 - 74,Males,2056,1603304
75 - 79,Males,2056,1334449
80 - 84,Males,2056,1080874
85 - 89,Males,2056,831895
90 - 94,Males,2056,436765
95 - 99,Males,2056,117705
100 & over,Males,2056,12312
0 - 4,Males,2057,1527201
5 - 9,Males,2057,1603975
10 - 14,Males,2057,1653167
15 - 19,Males,2057,1700155
20 - 24,Males,2057,1859984
25 - 29,Males,2057,1966478
30 - 34,Males,2057,2075130
35 - 39,Males,2057,2235193
40 - 44,Males,2057,2351536
45 - 49,Males,2057,2397873
50 - 54,Males,2057,2294393
55 - 59,Males,2057,2169964
60 - 64,Males,2057,2053171
65 - 69,Males,2057,1902295
70 - 74,Males,2057,1628089
75 - 79,Males,2057,1368223
80 - 84,Males,2057,1060542
85 - 89,Males,2057,830705
90 - 94,Males,2057,446064
95 - 99,Males,2057,124103
100 & over,Males,2057,13066
0 - 4,Males,2058,1520048
5 - 9,Males,2058,1595828
10 - 14,Males,2058,1652556
15 - 19,Males,2058,1705472
20 - 24,Males,2058,1864777
25 - 29,Males,2058,1968378
30 - 34,Males,2058,2078891
35 - 39,Males,2058,2209165
40 - 44,Males,2058,2333705
45 - 49,Males,2058,2396630
50 - 54,Males,2058,2316876
55 - 59,Males,2058,2181202
60 - 64,Males,2058,2071340
65 - 69,Males,2058,1916397
70 - 74,Males,2058,1662129
75 - 79,Males,2058,1398682
80 - 84,Males,2058,1052448
85 - 89,Males,2058,824957
90 - 94,Males,2058,452582
95 - 99,Males,2058,130254
100 & over,Males,2058,13976
0 - 4,Males,2059,1513901
5 - 9,Males,2059,1587262
10 - 14,Males,2059,1650206
15 - 19,Males,2059,1709875
20 - 24,Males,2059,1870093
25 - 29,Males,2059,1970643
30 - 34,Males,2059,2083455
35 - 39,Males,2059,2185030
40 - 44,Males,2059,2321633
45 - 49,Males,2059,2390475
50 - 54,Males,2059,2327219
55 - 59,Males,2059,2196545
60 - 64,Males,2059,2088142
65 - 69,Males,2059,1935371
70 - 74,Males,2059,1695597
75 - 79,Males,2059,1413460
80 - 84,Males,2059,1068255
85 - 89,Males,2059,813124
90 - 94,Males,2059,458237
95 - 99,Males,2059,136352
100 & over,Males,2059,14883
0 - 4,Males,2060,1508854
5 - 9,Males,2060,1578590
10 - 14,Males,2060,1646167
15 - 19,Males,2060,1713189
20 - 24,Males,2060,1875772
25 - 29,Males,2060,1973413
30 - 34,Males,2060,2086630
35 - 39,Males,2060,2167249
40 - 44,Males,2060,2305448
45 - 49,Males,2060,2380707
50 - 54,Males,2060,2340936
55 - 59,Males,2060,2217132
60 - 64,Males,2060,2100806
65 - 69,Males,2060,1945918
70 - 74,Males,2060,1724309
75 - 79,Males,2060,1429064
80 - 84,Males,2060,1095727
85 - 89,Males,2060,803720
90 - 94,Males,2060,460642
95 - 99,Males,2060,142014
100 & over,Males,2060,15815
0 - 4,Persons,2022,3065375
5 - 9,Persons,2022,3336989
10 - 14,Persons,2022,3494289
15 - 19,Persons,2022,3310096
20 - 24,Persons,2022,3436554
25 - 29,Persons,2022,3721270
30 - 34,Persons,2022,3992035
35 - 39,Persons,2022,3859987
40 - 44,Persons,2022,3685830
45 - 49,Persons,2022,3479074
50 - 54,Persons,2022,3866574
55 - 59,Persons,2022,3853699
60 - 64,Persons,2022,3381015
65 - 69,Persons,2022,2825765
70 - 74,Persons,2022,2657722
75 - 79,Persons,2022,2283760
80 - 84,Persons,2022,1437660
85 - 89,Persons,2022,904522
90 - 94,Persons,2022,402579
95 - 99,Persons,2022,103462
100 & over,Persons,2022,14285
0 - 4,Persons,2023,3037745
5 - 9,Persons,2023,3321218
10 - 14,Persons,2023,3511345
15 - 19,Persons,2023,3422976
20 - 24,Persons,2023,3550507
25 - 29,Persons,2023,3829263
30 - 34,Persons,2023,4065977
35 - 39,Persons,2023,3975977
40 - 44,Persons,2023,3793769
45 - 49,Persons,2023,3443500
50 - 54,Persons,2023,3819080
55 - 59,Persons,2023,3871516
60 - 64,Persons,2023,3475891
65 - 69,Persons,2023,2885691
70 - 74,Persons,2023,2591185
75 - 79,Persons,2023,2389377
80 - 84,Persons,2023,1478893
85 - 89,Persons,2023,927530
90 - 94,Persons,2023,404264
95 - 99,Persons,2023,101038
100 & over,Persons,2023,13469
0 - 4,Persons,2024,3007228
5 - 9,Persons,2024,3308376
10 - 14,Persons,2024,3511993
15 - 19,Persons,2024,3491861
20 - 24,Persons,2024,3640733
25 - 29,Persons,2024,3903861
30 - 34,Persons,2024,4134114
35 - 39,Persons,2024,4076812
40 - 44,Persons,2024,3846721
45 - 49,Persons,2024,3483630
50 - 54,Persons,2024,3741457
55 - 59,Persons,2024,3873447
60 - 64,Persons,2024,3570036
65 - 69,Persons,2024,2954846
70 - 74,Persons,2024,2568211
75 - 79,Persons,2024,2434761
80 - 84,Persons,2024,1544381
85 - 89,Persons,2024,951600
90 - 94,Persons,2024,409908
95 - 99,Persons,2024,101422
100 & over,Persons,2024,12821
0 - 4,Persons,2025,2983956
5 - 9,Persons,2025,3285689
10 - 14,Persons,2025,3500961
15 - 19,Persons,2025,3553545
20 - 24,Persons,2025,3723762
25 - 29,Persons,2025,3958001
30 - 34,Persons,2025,4171729
35 - 39,Persons,2025,4157918
40 - 44,Persons,2025,3892276
45 - 49,Persons,2025,3563089
50 - 54,Persons,2025,3673286
55 - 59,Persons,2025,3848328
60 - 64,Persons,2025,3656923
65 - 69,Persons,2025,3042366
70 - 74,Persons,2025,2558836
75 - 79,Persons,2025,2465097
80 - 84,Persons,2025,1608338
85 - 89,Persons,2025,965089
90 - 94,Persons,2025,420023
95 - 99,Persons,2025,103892
100 & over,Persons,2025,12307
0 - 4,Persons,2026,2975235
5 - 9,Persons,2026,3234699
10 - 14,Persons,2026,3484546
15 - 19,Persons,2026,3617023
20 - 24,Persons,2026,3788577
25 - 29,Persons,2026,3991282
30 - 34,Persons,2026,4188662
35 - 39,Persons,2026,4235586
40 - 44,Persons,2026,3944132
45 - 49,Persons,2026,3653080
50 - 54,Persons,2026,3572459
55 - 59,Persons,2026,3844622
60 - 64,Persons,2026,3714143
65 - 69,Persons,2026,3135857
70 - 74,Persons,2026,2580083
75 - 79,Persons,2026,2474143
80 - 84,Persons,2026,1691819
85 - 89,Persons,2026,961329
90 - 94,Persons,2026,432681
95 - 99,Persons,2026,106741
100 & over,Persons,2026,11963
0 - 4,Persons,2027,2956762
5 - 9,Persons,2027,3202114
10 - 14,Persons,2027,3448289
15 - 19,Persons,2027,3662253
20 - 24,Persons,2027,3837820
25 - 29,Persons,2027,3992510
30 - 34,Persons,2027,4215794
35 - 39,Persons,2027,4294810
40 - 44,Persons,2027,4010096
45 - 49,Persons,2027,3748459
50 - 54,Persons,2027,3485972
55 - 59,Persons,2027,3811090
60 - 64,Persons,2027,3747924
65 - 69,Persons,2027,3233067
70 - 74,Persons,2027,2626977
75 - 79,Persons,2027,2359258
80 - 84,Persons,2027,1864831
85 - 89,Persons,2027,977277
90 - 94,Persons,2027,448111
95 - 99,Persons,2027,109871
100 & over,Persons,2027,11783
0 - 4,Persons,2028,2964288
5 - 9,Persons,2028,3148721
10 - 14,Persons,2028,3412479
15 - 19,Persons,2028,3658314
20 - 24,Persons,2028,3883455
25 - 29,Persons,2028,3992490
30 - 34,Persons,2028,4236259
35 - 39,Persons,2028,4310352
40 - 44,Persons,2028,4090490
45 - 49,Persons,2028,3834761
50 - 54,Persons,2028,3439154
55 - 59,Persons,2028,3756554
60 - 64,Persons,2028,3759825
65 - 69,Persons,2028,3322080
70 - 74,Persons,2028,2684674
75 - 79,Persons,2028,2303375
80 - 84,Persons,2028,1959266
85 - 89,Persons,2028,1015237
90 - 94,Persons,2028,465615
95 - 99,Persons,2028,112839
100 & over,Persons,2028,11781
0 - 4,Persons,2029,2973308
5 - 9,Persons,2029,3100211
10 - 14,Persons,2029,3385898
15 - 19,Persons,2029,3645951
20 - 24,Persons,2029,3906439
25 - 29,Persons,2029,4003890
30 - 34,Persons,2029,4250297
35 - 39,Persons,2029,4337764
40 - 44,Persons,2029,4166596
45 - 49,Persons,2029,3873127
50 - 54,Persons,2029,3470907
55 - 59,Persons,2029,3675309
60 - 64,Persons,2029,3758028
65 - 69,Persons,2029,3410743
70 - 74,Persons,2029,2750779
75 - 79,Persons,2029,2285035
80 - 84,Persons,2029,2000335
85 - 89,Persons,2029,1069412
90 - 94,Persons,2029,481063
95 - 99,Persons,2029,116334
100 & over,Persons,2029,12025
0 - 4,Persons,2030,2979511
5 - 9,Persons,2030,3063240
10 - 14,Persons,2030,3352622
15 - 19,Persons,2030,3625903
20 - 24,Persons,2030,3937591
25 - 29,Persons,2030,4027420
30 - 34,Persons,2030,4257583
35 - 39,Persons,2030,4343539
40 - 44,Persons,2030,4228287
45 - 49,Persons,2030,3907440
50 - 54,Persons,2030,3543226
55 - 59,Persons,2030,3604859
60 - 64,Persons,2030,3731054
65 - 69,Persons,2030,3492750
70 - 74,Persons,2030,2833874
75 - 79,Persons,2030,2278861
80 - 84,Persons,2030,2025906
85 - 89,Persons,2030,1120767
90 - 94,Persons,2030,490377
95 - 99,Persons,2030,121511
100 & over,Persons,2030,12575
0 - 4,Persons,2031,2983892
5 - 9,Persons,2031,3045292
10 - 14,Persons,2031,3294428
15 - 19,Persons,2031,3603703
20 - 24,Persons,2031,3983072
25 - 29,Persons,2031,4053075
30 - 34,Persons,2031,4258668
35 - 39,Persons,2031,4338427
40 - 44,Persons,2031,4292281
45 - 49,Persons,2031,3951425
50 - 54,Persons,2031,3627775
55 - 59,Persons,2031,3504198
60 - 64,Persons,2031,3726049
65 - 69,Persons,2031,3546899
70 - 74,Persons,2031,2922916
75 - 79,Persons,2031,2300625
80 - 84,Persons,2031,2032089
85 - 89,Persons,2031,1183099
90 - 94,Persons,2031,489667
95 - 99,Persons,2031,127251
100 & over,Persons,2031,13145
0 - 4,Persons,2032,2987446
5 - 9,Persons,2032,3022287
10 - 14,Persons,2032,3258193
15 - 19,Persons,2032,3564663
20 - 24,Persons,2032,4020430
25 - 29,Persons,2032,4083271
30 - 34,Persons,2032,4243397
35 - 39,Persons,2032,4354087
40 - 44,Persons,2032,4344294
45 - 49,Persons,2032,4013129
50 - 54,Persons,2032,3719713
55 - 59,Persons,2032,3419259
60 - 64,Persons,2032,3693199
65 - 69,Persons,2032,3579301
70 - 74,Persons,2032,3015749
75 - 79,Persons,2032,2345734
80 - 84,Persons,2032,1942306
85 - 89,Persons,2032,1315101
90 - 94,Persons,2032,501704
95 - 99,Persons,2032,133544
100 & over,Persons,2032,13731
0 - 4,Persons,2033,2991099
5 - 9,Persons,2033,3029866
10 - 14,Persons,2033,3204951
15 - 19,Persons,2033,3529015
20 - 24,Persons,2033,4016682
25 - 29,Persons,2033,4128966
30 - 34,Persons,2033,4243461
35 - 39,Persons,2033,4374612
40 - 44,Persons,2033,4360028
45 - 49,Persons,2033,4093241
50 - 54,Persons,2033,3805127
55 - 59,Persons,2033,3374861
60 - 64,Persons,2033,3641249
65 - 69,Persons,2033,3591581
70 - 74,Persons,2033,3101283
75 - 79,Persons,2033,2401314
80 - 84,Persons,2033,1900363
85 - 89,Persons,2033,1387227
90 - 94,Persons,2033,527549
95 - 99,Persons,2033,140062
100 & over,Persons,2033,14281
0 - 4,Persons,2034,2995478
5 - 9,Persons,2034,3038912
10 - 14,Persons,2034,3156593
15 - 19,Persons,2034,3502582
20 - 24,Persons,2034,4004511
25 - 29,Persons,2034,4152233
30 - 34,Persons,2034,4254905
35 - 39,Persons,2034,4388704
40 - 44,Persons,2034,4387608
45 - 49,Persons,2034,4169042
50 - 54,Persons,2034,3843361
55 - 59,Persons,2034,3407409
60 - 64,Persons,2034,3563594
65 - 69,Persons,2034,3590938
70 - 74,Persons,2034,3186264
75 - 79,Persons,2034,2464412
80 - 84,Persons,2034,1889066
85 - 89,Persons,2034,1418695
90 - 94,Persons,2034,562533
95 - 99,Persons,2034,145519
100 & over,Persons,2034,14948
0 - 4,Persons,2035,3000835
5 - 9,Persons,2035,3045135
10 - 14,Persons,2035,3119742
15 - 19,Persons,2035,3469454
20 - 24,Persons,2035,3984771
25 - 29,Persons,2035,4183650
30 - 34,Persons,2035,4278435
35 - 39,Persons,2035,4396005
40 - 44,Persons,2035,4393652
45 - 49,Persons,2035,4230602
50 - 54,Persons,2035,3877831
55 - 59,Persons,2035,3479509
60 - 64,Persons,2035,3496575
65 - 69,Persons,2035,3566315
70 - 74,Persons,2035,3264766
75 - 79,Persons,2035,2542230
80 - 84,Persons,2035,1887570
85 - 89,Persons,2035,1436181
90 - 94,Persons,2035,594083
95 - 99,Persons,2035,148907
100 & over,Persons,2035,15920
0 - 4,Persons,2036,3007374
5 - 9,Persons,2036,3049536
10 - 14,Persons,2036,3101867
15 - 19,Persons,2036,3411432
20 - 24,Persons,2036,3962834
25 - 29,Persons,2036,4229356
30 - 34,Persons,2036,4304075
35 - 39,Persons,2036,4397123
40 - 44,Persons,2036,4388900
45 - 49,Persons,2036,4294443
50 - 54,Persons,2036,3921879
55 - 59,Persons,2036,3563259
60 - 64,Persons,2036,3400559
65 - 69,Persons,2036,3562964
70 - 74,Persons,2036,3317110
75 - 79,Persons,2036,2625581
80 - 84,Persons,2036,1909733
85 - 89,Persons,2036,1438640
90 - 94,Persons,2036,629222
95 - 99,Persons,2036,148826
100 & over,Persons,2036,16938
0 - 4,Persons,2037,3015336
5 - 9,Persons,2037,3053111
10 - 14,Persons,2037,3078927
15 - 19,Persons,2037,3375377
20 - 24,Persons,2037,3923987
25 - 29,Persons,2037,4266896
30 - 34,Persons,2037,4334262
35 - 39,Persons,2037,4382009
40 - 44,Persons,2037,4404789
45 - 49,Persons,2037,4346359
50 - 54,Persons,2037,3983412
55 - 59,Persons,2037,3653926
60 - 64,Persons,2037,3319880
65 - 69,Persons,2037,3532921
70 - 74,Persons,2037,3349110
75 - 79,Persons,2037,2712437
80 - 84,Persons,2037,1951526
85 - 89,Persons,2037,1381152
90 - 94,Persons,2037,708478
95 - 99,Persons,2037,154382
100 & over,Persons,2037,17997
0 - 4,Persons,2038,3024689
5 - 9,Persons,2038,3056783
10 - 14,Persons,2038,3086545
15 - 19,Persons,2038,3322285
20 - 24,Persons,2038,3888576
25 - 29,Persons,2038,4263262
30 - 34,Persons,2038,4379970
35 - 39,Persons,2038,4382178
40 - 44,Persons,2038,4425419
45 - 49,Persons,2038,4362334
50 - 54,Persons,2038,4063101
55 - 59,Persons,2038,3738096
60 - 64,Persons,2038,3278554
65 - 69,Persons,2038,3484590
70 - 74,Persons,2038,3362296
75 - 79,Persons,2038,2792756
80 - 84,Persons,2038,2002756
85 - 89,Persons,2038,1357070
90 - 94,Persons,2038,750814
95 - 99,Persons,2038,165433
100 & over,Persons,2038,19039
0 - 4,Persons,2039,3035066
5 - 9,Persons,2039,3061175
10 - 14,Persons,2039,3095596
15 - 19,Persons,2039,3274073
20 - 24,Persons,2039,3862405
25 - 29,Persons,2039,4251085
30 - 34,Persons,2039,4403283
35 - 39,Persons,2039,4393689
40 - 44,Persons,2039,4439620
45 - 49,Persons,2039,4390103
50 - 54,Persons,2039,4138428
55 - 59,Persons,2039,3776138
60 - 64,Persons,2039,3311907
65 - 69,Persons,2039,3411794
70 - 74,Persons,2039,3363595
75 - 79,Persons,2039,2872402
80 - 84,Persons,2039,2060225
85 - 89,Persons,2039,1354366
90 - 94,Persons,2039,768603
95 - 99,Persons,2039,179414
100 & over,Persons,2039,19887
0 - 4,Persons,2040,3046137
5 - 9,Persons,2040,3066545
10 - 14,Persons,2040,3101828
15 - 19,Persons,2040,3237357
20 - 24,Persons,2040,3829565
25 - 29,Persons,2040,4231256
30 - 34,Persons,2040,4434668
35 - 39,Persons,2040,4417284
40 - 44,Persons,2040,4447009
45 - 49,Persons,2040,4396476
50 - 54,Persons,2040,4199749
55 - 59,Persons,2040,3810796
60 - 64,Persons,2040,3383488
65 - 69,Persons,2040,3349259
70 - 74,Persons,2040,3342462
75 - 79,Persons,2040,2945966
80 - 84,Persons,2040,2129297
85 - 89,Persons,2040,1358041
90 - 94,Persons,2040,776849
95 - 99,Persons,2040,190989
100 & over,Persons,2040,20459
0 - 4,Persons,2041,3057570
5 - 9,Persons,2041,3073085
10 - 14,Persons,2041,3106237
15 - 19,Persons,2041,3219568
20 - 24,Persons,2041,3771835
25 - 29,Persons,2041,4209253
30 - 34,Persons,2041,4480290
35 - 39,Persons,2041,4442964
40 - 44,Persons,2041,4448241
45 - 49,Persons,2041,4392163
50 - 54,Persons,2041,4263315
55 - 59,Persons,2041,3854851
60 - 64,Persons,2041,3466002
65 - 69,Persons,2041,3259264
70 - 74,Persons,2041,3341566
75 - 79,Persons,2041,2995850
80 - 84,Persons,2041,2203427
85 - 89,Persons,2041,1379186
90 - 94,Persons,2041,776664
95 - 99,Persons,2041,202800
100 & over,Persons,2041,20514
0 - 4,Persons,2042,3068916
5 - 9,Persons,2042,3081047
10 - 14,Persons,2042,3109816
15 - 19,Persons,2042,3196698
20 - 24,Persons,2042,3735968
25 - 29,Persons,2042,4170415
30 - 34,Persons,2042,4517749
35 - 39,Persons,2042,4473162
40 - 44,Persons,2042,4433382
45 - 49,Persons,2042,4408349
50 - 54,Persons,2042,4315039
55 - 59,Persons,2042,3916032
60 - 64,Persons,2042,3554864
65 - 69,Persons,2042,3183943
70 - 74,Persons,2042,3315483
75 - 79,Persons,2042,3027441
80 - 84,Persons,2042,2280810
85 - 89,Persons,2042,1414654
90 - 94,Persons,2042,751916
95 - 99,Persons,2042,233163
100 & over,Persons,2042,21697
0 - 4,Persons,2043,3079295
5 - 9,Persons,2043,3090406
10 - 14,Persons,2043,3113488
15 - 19,Persons,2043,3204338
20 - 24,Persons,2043,3683048
25 - 29,Persons,2043,4134931
30 - 34,Persons,2043,4514168
35 - 39,Persons,2043,4518813
40 - 44,Persons,2043,4433727
45 - 49,Persons,2043,4429150
50 - 54,Persons,2043,4331282
55 - 59,Persons,2043,3995003
60 - 64,Persons,2043,3637328
65 - 69,Persons,2043,3146340
70 - 74,Persons,2043,3272056
75 - 79,Persons,2043,3042073
80 - 84,Persons,2043,2352885
85 - 89,Persons,2043,1457795
90 - 94,Persons,2043,744993
95 - 99,Persons,2043,248015
100 & over,Persons,2043,23810
0 - 4,Persons,2044,3087869
5 - 9,Persons,2044,3100776
10 - 14,Persons,2044,3117878
15 - 19,Persons,2044,3213390
20 - 24,Persons,2044,3634984
25 - 29,Persons,2044,4108608
30 - 34,Persons,2044,4502092
35 - 39,Persons,2044,4542113
40 - 44,Persons,2044,4445383
45 - 49,Persons,2044,4443543
50 - 54,Persons,2044,4359235
55 - 59,Persons,2044,4069545
60 - 64,Persons,2044,3675147
65 - 69,Persons,2044,3180410
70 - 74,Persons,2044,3205675
75 - 79,Persons,2044,3046241
80 - 84,Persons,2044,2424275
85 - 89,Persons,2044,1505402
90 - 94,Persons,2044,749240
95 - 99,Persons,2044,253368
100 & over,Persons,2044,26257
0 - 4,Persons,2045,3094304
5 - 9,Persons,2045,3111840
10 - 14,Persons,2045,3123250
15 - 19,Persons,2045,3219625
20 - 24,Persons,2045,3598312
25 - 29,Persons,2045,4075562
30 - 34,Persons,2045,4482412
35 - 39,Persons,2045,4573437
40 - 44,Persons,2045,4469097
45 - 49,Persons,2045,4451107
50 - 54,Persons,2045,4366001
55 - 59,Persons,2045,4130420
60 - 64,Persons,2045,3710017
65 - 69,Persons,2045,3251042
70 - 74,Persons,2045,3148915
75 - 79,Persons,2045,3030059
80 - 84,Persons,2045,2490283
85 - 89,Persons,2045,1560640
90 - 94,Persons,2045,756177
95 - 99,Persons,2045,255139
100 & over,Persons,2045,28079
0 - 4,Persons,2046,3098405
5 - 9,Persons,2046,3123262
10 - 14,Persons,2046,3129793
15 - 19,Persons,2046,3224032
20 - 24,Persons,2046,3580469
25 - 29,Persons,2046,4017610
30 - 34,Persons,2046,4460622
35 - 39,Persons,2046,4618920
40 - 44,Persons,2046,4494871
45 - 49,Persons,2046,4452545
50 - 54,Persons,2046,4362267
55 - 59,Persons,2046,4193480
60 - 64,Persons,2046,3753987
65 - 69,Persons,2046,3331787
70 - 74,Persons,2046,3066724
75 - 79,Persons,2046,3032593
80 - 84,Persons,2046,2536242
85 - 89,Persons,2046,1620268
90 - 94,Persons,2046,773137
95 - 99,Persons,2046,254627
100 & over,Persons,2046,29842
0 - 4,Persons,2047,3100080
5 - 9,Persons,2047,3134601
10 - 14,Persons,2047,3137756
15 - 19,Persons,2047,3227614
20 - 24,Persons,2047,3557491
25 - 29,Persons,2047,3981502
30 - 34,Persons,2047,4422026
35 - 39,Persons,2047,4656287
40 - 44,Persons,2047,4525107
45 - 49,Persons,2047,4438078
50 - 54,Persons,2047,4378838
55 - 59,Persons,2047,4244837
60 - 64,Persons,2047,3814565
65 - 69,Persons,2047,3418254
70 - 74,Persons,2047,2998218
75 - 79,Persons,2047,3011952
80 - 84,Persons,2047,2566898
85 - 89,Persons,2047,1682868
90 - 94,Persons,2047,798244
95 - 99,Persons,2047,249935
100 & over,Persons,2047,35275
0 - 4,Persons,2048,3098823
5 - 9,Persons,2048,3144980
10 - 14,Persons,2048,3147104
15 - 19,Persons,2048,3231291
20 - 24,Persons,2048,3564957
25 - 29,Persons,2048,3928409
30 - 34,Persons,2048,4386766
35 - 39,Persons,2048,4652828
40 - 44,Persons,2048,4570739
45 - 49,Persons,2048,4438716
50 - 54,Persons,2048,4399863
55 - 59,Persons,2048,4261387
60 - 64,Persons,2048,3892447
65 - 69,Persons,2048,3498510
70 - 74,Persons,2048,2965253
75 - 79,Persons,2048,2975167
80 - 84,Persons,2048,2583226
85 - 89,Persons,2048,1741839
90 - 94,Persons,2048,828403
95 - 99,Persons,2048,251105
100 & over,Persons,2048,37576
0 - 4,Persons,2049,3094142
5 - 9,Persons,2049,3153559
10 - 14,Persons,2049,3157466
15 - 19,Persons,2049,3235679
20 - 24,Persons,2049,3573904
25 - 29,Persons,2049,3880117
30 - 34,Persons,2049,4360632
35 - 39,Persons,2049,4640963
40 - 44,Persons,2049,4594083
45 - 49,Persons,2049,4450621
50 - 54,Persons,2049,4414538
55 - 59,Persons,2049,4289519
60 - 64,Persons,2049,3965842
65 - 69,Persons,2049,3536119
70 - 74,Persons,2049,3000000
75 - 79,Persons,2049,2917434
80 - 84,Persons,2049,2591097
85 - 89,Persons,2049,1800242
90 - 94,Persons,2049,861012
95 - 99,Persons,2049,255686
100 & over,Persons,2049,38263
0 - 4,Persons,2050,3086145
5 - 9,Persons,2050,3160013
10 - 14,Persons,2050,3168520
15 - 19,Persons,2050,3241045
20 - 24,Persons,2050,3580043
25 - 29,Persons,2050,3843277
30 - 34,Persons,2050,4327788
35 - 39,Persons,2050,4621558
40 - 44,Persons,2050,4625382
45 - 49,Persons,2050,4474506
50 - 54,Persons,2050,4422383
55 - 59,Persons,2050,4296798
60 - 64,Persons,2050,4026051
65 - 69,Persons,2050,3571263
70 - 74,Persons,2050,3069241
75 - 79,Persons,2050,2868361
80 - 84,Persons,2050,2581530
85 - 89,Persons,2050,1854359
90 - 94,Persons,2050,897183
95 - 99,Persons,2050,260565
100 & over,Persons,2050,38490
0 - 4,Persons,2051,3075011
5 - 9,Persons,2051,3164137
10 - 14,Persons,2051,3179940
15 - 19,Persons,2051,3247579
20 - 24,Persons,2051,3584360
25 - 29,Persons,2051,3825342
30 - 34,Persons,2051,4270132
35 - 39,Persons,2051,4600072
40 - 44,Persons,2051,4670759
45 - 49,Persons,2051,4500398
50 - 54,Persons,2051,4424156
55 - 59,Persons,2051,4293844
60 - 64,Persons,2051,4088387
65 - 69,Persons,2051,3615103
70 - 74,Persons,2051,3147605
75 - 79,Persons,2051,2796713
80 - 84,Persons,2051,2588454
85 - 89,Persons,2051,1893475
90 - 94,Persons,2051,936633
95 - 99,Persons,2051,269138
100 & over,Persons,2051,38584
0 - 4,Persons,2052,3060966
5 - 9,Persons,2052,3165836
10 - 14,Persons,2052,3191271
15 - 19,Persons,2052,3255535
20 - 24,Persons,2052,3587854
25 - 29,Persons,2052,3802352
30 - 34,Persons,2052,4234319
35 - 39,Persons,2052,4561859
40 - 44,Persons,2052,4708071
45 - 49,Persons,2052,4530715
50 - 54,Persons,2052,4410286
55 - 59,Persons,2052,4310946
60 - 64,Persons,2052,4139243
65 - 69,Persons,2052,3674872
70 - 74,Persons,2052,3230843
75 - 79,Persons,2052,2737374
80 - 84,Persons,2052,2575006
85 - 89,Persons,2052,1921466
90 - 94,Persons,2052,978462
95 - 99,Persons,2052,280677
100 & over,Persons,2052,38833
0 - 4,Persons,2053,3044970
5 - 9,Persons,2053,3164618
10 - 14,Persons,2053,3201643
15 - 19,Persons,2053,3264878
20 - 24,Persons,2053,3591457
25 - 29,Persons,2053,3809841
30 - 34,Persons,2053,4181498
35 - 39,Persons,2053,4526989
40 - 44,Persons,2053,4704797
45 - 49,Persons,2053,4576342
50 - 54,Persons,2053,4411369
55 - 59,Persons,2053,4332297
60 - 64,Persons,2053,4156232
65 - 69,Persons,2053,3751307
70 - 74,Persons,2053,3308135
75 - 79,Persons,2053,2710575
80 - 84,Persons,2053,2547092
85 - 89,Persons,2053,1938771
90 - 94,Persons,2053,1018430
95 - 99,Persons,2053,294358
100 & over,Persons,2053,39766
0 - 4,Persons,2054,3028161
5 - 9,Persons,2054,3159977
10 - 14,Persons,2054,3210232
15 - 19,Persons,2054,3275240
20 - 24,Persons,2054,3595778
25 - 29,Persons,2054,3818836
30 - 34,Persons,2054,4133485
35 - 39,Persons,2054,4501192
40 - 44,Persons,2054,4693222
45 - 49,Persons,2054,4599791
50 - 54,Persons,2054,4423625
55 - 59,Persons,2054,4347409
60 - 64,Persons,2054,4184610
65 - 69,Persons,2054,3823231
70 - 74,Persons,2054,3345507
75 - 79,Persons,2054,2746033
80 - 84,Persons,2054,2501099
85 - 89,Persons,2054,1950341
90 - 94,Persons,2054,1058015
95 - 99,Persons,2054,308783
100 & over,Persons,2054,41061
0 - 4,Persons,2055,3011155
5 - 9,Persons,2055,3152036
10 - 14,Persons,2055,3216693
15 - 19,Persons,2055,3286296
20 - 24,Persons,2055,3601080
25 - 29,Persons,2055,3825022
30 - 34,Persons,2055,4096908
35 - 39,Persons,2055,4468722
40 - 44,Persons,2055,4674151
45 - 49,Persons,2055,4631130
50 - 54,Persons,2055,4447747
55 - 59,Persons,2055,4355678
60 - 64,Persons,2055,4192639
65 - 69,Persons,2055,3882626
70 - 74,Persons,2055,3381056
75 - 79,Persons,2055,2813207
80 - 84,Persons,2055,2462419
85 - 89,Persons,2055,1948548
90 - 94,Persons,2055,1094775
95 - 99,Persons,2055,324039
100 & over,Persons,2055,42248
0 - 4,Persons,2056,2994631
5 - 9,Persons,2056,3140966
10 - 14,Persons,2056,3220830
15 - 19,Persons,2056,3297718
20 - 24,Persons,2056,3607567
25 - 29,Persons,2056,3829389
30 - 34,Persons,2056,4079164
35 - 39,Persons,2056,4411584
40 - 44,Persons,2056,4653038
45 - 49,Persons,2056,4676423
50 - 54,Persons,2056,4473797
55 - 59,Persons,2056,4357962
60 - 64,Persons,2056,4190783
65 - 69,Persons,2056,3944041
70 - 74,Persons,2056,3424748
75 - 79,Persons,2056,2888129
80 - 84,Persons,2056,2405379
85 - 89,Persons,2056,1960093
90 - 94,Persons,2056,1122583
95 - 99,Persons,2056,341004
100 & over,Persons,2056,44120
0 - 4,Persons,2057,2979147
5 - 9,Persons,2057,3126995
10 - 14,Persons,2057,3222555
15 - 19,Persons,2057,3309056
20 - 24,Persons,2057,3615497
25 - 29,Persons,2057,3832937
30 - 34,Persons,2057,4056378
35 - 39,Persons,2057,4376215
40 - 44,Persons,2057,4615288
45 - 49,Persons,2057,4713697
50 - 54,Persons,2057,4504227
55 - 59,Persons,2057,4344961
60 - 64,Persons,2057,4208586
65 - 69,Persons,2057,3994300
70 - 74,Persons,2057,3483456
75 - 79,Persons,2057,2966681
80 - 84,Persons,2057,2358685
85 - 89,Persons,2057,1955281
90 - 94,Persons,2057,1144181
95 - 99,Persons,2057,359267
100 & over,Persons,2057,46531
0 - 4,Persons,2058,2965179
5 - 9,Persons,2058,3111077
10 - 14,Persons,2058,3221362
15 - 19,Persons,2058,3319436
20 - 24,Persons,2058,3624835
25 - 29,Persons,2058,3836592
30 - 34,Persons,2058,4063991
35 - 39,Persons,2058,4323829
40 - 44,Persons,2058,4580886
45 - 49,Persons,2058,4710697
50 - 54,Persons,2058,4549873
55 - 59,Persons,2058,4346681
60 - 64,Persons,2058,4230383
65 - 69,Persons,2058,4011950
70 - 74,Persons,2058,3557998
75 - 79,Persons,2058,3039639
80 - 84,Persons,2058,2340262
85 - 89,Persons,2058,1938569
90 - 94,Persons,2058,1159509
95 - 99,Persons,2058,376885
100 & over,Persons,2058,49383
0 - 4,Persons,2059,2953172
5 - 9,Persons,2059,3094347
10 - 14,Persons,2059,3216758
15 - 19,Persons,2059,3328038
20 - 24,Persons,2059,3635205
25 - 29,Persons,2059,3840966
30 - 34,Persons,2059,4073059
35 - 39,Persons,2059,4276272
40 - 44,Persons,2059,4555494
45 - 49,Persons,2059,4699486
50 - 54,Persons,2059,4573513
55 - 59,Persons,2059,4359474
60 - 64,Persons,2059,4246105
65 - 69,Persons,2059,4040673
70 - 74,Persons,2059,3628002
75 - 79,Persons,2059,3076508
80 - 84,Persons,2059,2376319
85 - 89,Persons,2059,1907940
90 - 94,Persons,2059,1172150
95 - 99,Persons,2059,394331
100 & over,Persons,2059,52331
0 - 4,Persons,2060,2943308
5 - 9,Persons,2060,3077415
10 - 14,Persons,2060,3208858
15 - 19,Persons,2060,3334514
20 - 24,Persons,2060,3646289
25 - 29,Persons,2060,3846323
30 - 34,Persons,2060,4079312
35 - 39,Persons,2060,4240087
40 - 44,Persons,2060,4523466
45 - 49,Persons,2060,4680848
50 - 54,Persons,2060,4604930
55 - 59,Persons,2060,4383918
60 - 64,Persons,2060,4255020
65 - 69,Persons,2060,4049744
70 - 74,Persons,2060,3686354
75 - 79,Persons,2060,3112501
80 - 84,Persons,2060,2440108
85 - 89,Persons,2060,1882898
90 - 94,Persons,2060,1176500
95 - 99,Persons,2060,410534
100 & over,Persons,2060,55340
