Age Group,2018,2019,2020,2021,2022,2023,2024,2025,2026,2027,2028,2029,2030,2031,2032,2033,2034,2035,2036,2037,2038,2039,2040,2041,2042,2043,2044,2045,2046,2047,2048,2049,2050,2051,2052,2053,2054,2055,2056,2057,2058,2059,2060,2061,2062,2063,2064,2065,2066,2067,2068,2069,2070,2071,2072,2073,2074,2075,2076,2077,2078,2079,2080,2081,2082,2083,2084,2085,2086,2087,2088,2089,2090,2091,2092,2093,2094,2095,2096,2097,2098,2099,2100,2101,2102,2103,2104,2105,2106,2107,2108,2109,2110,2111,2112,2113,2114,2115,2116,2117,2118,Sex
————,————,————,————,————,————,————,————,————,————,————,————,————,————,————,————,————,————,————,————,————,————,————,————,————,————,————,————,————,————,————,————,————,————,————,————,————,————,————,————,————,————,————,————,————,————,————,————,————,————,————,————,————,————,————,————,————,————,————,————,————,————,————,————,————,————,————,————,————,————,————,————,————,————,————,————,————,————,————,————,————,————,————,————,————,————,————,————,————,————,————,————,————,————,————,————,————,————,————,————,————,————,Male
  0-4,1716.253,1691,1667.562,1639.172,1616.586,1601.888,1598.494,1593.288,1589.749,1588.201,1587.814,1587.881,1588.833,1591.026,1594.852,1600.626,1608.26,1617.642,1628.854,1641.828,1656.324,1672.025,1688.233,1704.085,1718.786,1731.619,1741.834,1749.354,1754.141,1756.192,1755.619,1752.901,1748.329,1742.315,1735.336,1727.886,1720.44,1713.447,1707.271,1702.186,1698.4,1696.048,1695.184,1695.797,1697.813,1701.14,1705.658,1711.227,1717.659,1724.784,1732.423,1740.398,1748.516,1756.568,1764.357,1771.697,1778.417,1784.358,1789.401,1793.466,1796.511,1798.536,1799.587,1799.755,1799.149,1797.931,1796.262,1794.316,1792.283,1790.336,1788.642,1787.34,1786.555,1786.363,1786.833,1787.993,1789.84,1792.351,1795.47,1799.13,1803.243,1807.708,1812.419,1817.271,1822.15,1826.956,1831.587,1835.957,1839.999,1843.655,1846.877,1849.639,1851.933,1853.784,1855.211,1856.257,1856.971,1857.424,1857.684,1857.825,1857.935,Male
  5-9,1803.934,1813.827,1816.234,1812.523,1791.472,1769.504,1742.118,1716.525,1686.725,1663.039,1647.574,1643.803,1638.631,1635.117,1633.584,1633.221,1633.304,1634.276,1636.486,1640.322,1646.107,1653.752,1663.14,1674.357,1687.331,1701.833,1717.536,1733.737,1749.584,1764.279,1777.109,1787.32,1794.843,1799.634,1801.692,1801.135,1798.434,1793.874,1787.878,1780.918,1773.489,1766.066,1759.092,1752.927,1747.859,1744.086,1741.75,1740.894,1741.518,1743.539,1746.871,1751.395,1756.977,1763.42,1770.553,1778.197,1786.174,1794.291,1802.343,1810.136,1817.478,1824.2,1830.143,1835.189,1839.256,1842.308,1844.339,1845.397,1845.576,1844.98,1843.769,1842.109,1840.172,1838.148,1836.216,1834.529,1833.239,1832.462,1832.279,1832.76,1833.926,1835.778,1838.295,1841.416,1845.076,1849.192,1853.667,1858.386,1863.241,1868.127,1872.933,1877.568,1881.941,1885.984,1889.643,1892.868,1895.641,1897.939,1899.795,1901.229,1902.277,Male
 10-14,1677.771,1720.739,1763.32,1797.691,1831.728,1844.843,1853.059,1853.741,1848.987,1827.173,1804.697,1777.079,1751.531,1721.776,1698.127,1682.681,1678.927,1673.763,1670.261,1668.741,1668.389,1668.482,1669.466,1671.679,1675.525,1681.315,1688.966,1698.361,1709.578,1722.553,1737.053,1752.751,1768.956,1784.801,1799.493,1812.317,1822.525,1830.053,1834.844,1836.906,1836.35,1833.657,1829.11,1823.127,1816.174,1808.761,1801.355,1794.388,1788.236,1783.177,1779.409,1777.08,1776.235,1776.866,1778.895,1782.231,1786.763,1792.351,1798.797,1805.929,1813.574,1821.553,1829.673,1837.731,1845.526,1852.865,1859.581,1865.521,1870.569,1874.64,1877.696,1879.732,1880.797,1880.978,1880.391,1879.184,1877.536,1875.602,1873.583,1871.654,1869.973,1868.683,1867.912,1867.742,1868.232,1869.407,1871.263,1873.785,1876.908,1880.569,1884.69,1889.162,1893.881,1898.736,1903.623,1908.435,1913.075,1917.455,1921.501,1925.161,1928.385,Male
 15-19,1589.871,1586.96,1598.382,1632.527,1681.017,1734.211,1775.111,1815.589,1848.64,1881.75,1894.287,1902.252,1902.957,1898.223,1876.468,1854.049,1826.486,1800.984,1771.287,1747.685,1732.279,1728.554,1723.396,1719.908,1718.4,1718.056,1718.158,1719.153,1721.377,1725.231,1731.031,1738.689,1748.088,1759.31,1772.287,1786.79,1802.493,1818.694,1834.541,1849.234,1862.056,1872.266,1879.799,1884.596,1886.67,1886.126,1883.445,1878.91,1872.943,1866.007,1858.612,1851.215,1844.262,1838.121,1833.074,1829.323,1827.008,1826.171,1826.813,1828.847,1832.191,1836.73,1842.328,1848.778,1855.916,1863.567,1871.549,1879.673,1887.735,1895.529,1902.867,1909.588,1915.533,1920.585,1924.659,1927.719,1929.759,1930.837,1931.029,1930.452,1929.258,1927.613,1925.681,1923.669,1921.746,1920.073,1918.794,1918.033,1917.869,1918.362,1919.541,1921.409,1923.937,1927.063,1930.724,1934.848,1939.323,1944.045,1948.907,1953.796,1958.61,Male
 20-24,1805.668,1794.185,1781.677,1755.833,1724.069,1705.836,1698.012,1704.488,1735.084,1781.076,1832.761,1873.016,1913.53,1946.614,1979.723,1992.301,2000.311,2001.089,1996.473,1974.835,1952.529,1925.091,1899.728,1870.118,1846.562,1831.173,1827.438,1822.287,1818.809,1817.303,1816.963,1817.073,1818.077,1820.316,1824.186,1829.998,1837.667,1847.087,1858.327,1871.32,1885.835,1901.553,1917.769,1933.633,1948.342,1961.186,1971.428,1978.982,1983.807,1985.913,1985.402,1982.744,1978.244,1972.303,1965.395,1958.026,1950.655,1943.724,1937.598,1932.57,1928.835,1926.53,1925.698,1926.344,1928.392,1931.747,1936.294,1941.901,1948.362,1955.512,1963.178,1971.175,1979.316,1987.395,1995.208,2002.568,2009.309,2015.274,2020.344,2024.432,2027.511,2029.574,2030.67,2030.874,2030.312,2029.126,2027.497,2025.584,2023.585,2021.675,2020.015,2018.738,2017.99,2017.84,2018.347,2019.537,2021.408,2023.94,2027.072,2030.739,2034.876,Male
 25-29,1935.98,1940.818,1928.025,1910.227,1900.797,1888.732,1871.775,1853.578,1823.509,1788.44,1767.891,1758.918,1765.414,1796.049,1842.105,1893.867,1934.221,1974.808,2007.952,2041.114,2053.749,2061.783,2062.573,2057.954,2036.338,2014.042,1986.602,1961.212,1931.595,1908.05,1892.684,1888.974,1883.855,1880.399,1878.92,1878.608,1878.744,1879.766,1882.024,1885.912,1891.75,1899.435,1908.875,1920.134,1933.147,1947.682,1963.418,1979.658,1995.539,2010.271,2023.135,2033.399,2040.969,2045.809,2047.928,2047.426,2044.774,2040.274,2034.339,2027.43,2020.062,2012.697,2005.776,1999.66,1994.638,1990.911,1988.619,1987.803,1988.465,1990.527,1993.897,1998.462,2004.087,2010.563,2017.735,2025.413,2033.421,2041.574,2049.671,2057.495,2064.868,2071.62,2077.594,2082.674,2086.776,2089.864,2091.934,2093.029,2093.241,2092.682,2091.502,2089.882,2087.972,2085.978,2084.073,2082.418,2081.153,2080.413,2080.269,2080.784,2081.978,Male
 30-34,1889.726,1908.854,1925.181,1947.55,1966.797,1965.64,1966.896,1950.422,1930.031,1918.577,1905.119,1887.508,1869.434,1839.508,1804.592,1784.163,1775.295,1781.866,1812.52,1858.547,1910.251,1950.574,1991.117,2024.245,2057.384,2070.026,2078.075,2078.892,2074.32,2052.786,2030.565,2003.203,1977.899,1948.4,1924.959,1909.678,1906.026,1900.961,1897.555,1896.121,1895.848,1896.027,1897.089,1899.386,1903.316,1909.185,1916.897,1926.355,1937.636,1950.663,1965.211,1980.956,1997.207,2013.1,2027.838,2040.718,2050.997,2058.587,2063.448,2065.59,2065.111,2062.492,2058.025,2052.127,2045.262,2037.938,2030.615,2023.728,2017.654,2012.671,2008.987,2006.728,2005.947,2006.632,2008.727,2012.122,2016.712,2022.359,2028.856,2036.044,2043.743,2051.768,2059.933,2068.044,2075.883,2083.27,2090.04,2096.033,2101.127,2105.247,2108.353,2110.437,2111.552,2111.786,2111.254,2110.098,2108.497,2106.608,2104.641,2102.757,2101.125,Male
 35-39,1845.854,1855.64,1863.185,1871.133,1874.984,1891.327,1908.246,1922.34,1943.218,1961.26,1959.332,1960.255,1943.967,1923.801,1912.539,1899.257,1881.828,1863.925,1834.222,1799.553,1779.324,1770.611,1777.269,1807.901,1853.83,1905.403,1945.619,1986.069,2019.13,2052.213,2064.872,2072.954,2073.836,2069.354,2047.982,2025.92,1998.721,1973.585,1944.273,1921.001,1905.852,1902.283,1897.301,1893.968,1892.604,1892.402,1892.649,1893.768,1896.12,1900.105,1906.02,1913.775,1923.269,1934.575,1947.628,1962.191,1977.947,1994.209,2010.111,2024.864,2037.759,2048.059,2055.679,2060.581,2062.767,2062.344,2059.781,2055.381,2049.549,2042.752,2035.5,2028.251,2021.439,2015.427,2010.51,2006.888,2004.686,2003.95,2004.682,2006.82,2010.252,2014.881,2020.564,2027.089,2034.305,2042.027,2050.077,2058.266,2066.402,2074.264,2081.677,2088.474,2094.491,2099.613,2103.76,2106.897,2109.019,2110.175,2110.449,2109.957,2108.834,Male
 40-44,1686.506,1700.317,1732.546,1769.745,1807.515,1840.546,1848.824,1854.833,1861.854,1865.017,1880.832,1897.467,1911.572,1932.424,1950.416,1948.597,1949.632,1933.563,1913.673,1902.637,1889.575,1872.385,1854.711,1825.316,1791,1771.048,1762.554,1769.323,1799.923,1845.703,1897.083,1937.162,1977.483,2010.465,2043.474,2056.176,2064.327,2065.31,2060.969,2039.836,2018.001,1991.042,1966.154,1937.117,1914.084,1899.123,1895.676,1890.817,1887.602,1886.341,1886.238,1886.573,1887.784,1890.219,1894.277,1900.261,1908.083,1917.626,1928.975,1942.062,1956.654,1972.44,1988.72,2004.64,2019.416,2032.346,2042.682,2050.352,2055.309,2057.567,2057.229,2054.763,2050.46,2044.732,2038.04,2030.893,2023.747,2017.038,2011.134,2006.303,2002.764,2000.64,1999.975,2000.78,2002.98,2006.471,2011.155,2016.887,2023.454,2030.715,2038.478,2046.563,2054.792,2062.966,2070.87,2078.327,2085.163,2091.224,2096.391,2100.579,2103.769,Male
 45-49,1879.694,1841.995,1807.171,1757.224,1711.903,1686.963,1699.526,1730.311,1766.366,1803.15,1835.45,1843.515,1849.61,1856.715,1859.975,1875.783,1892.379,1906.512,1927.332,1945.282,1943.622,1944.821,1929.068,1909.568,1898.838,1886.077,1869.226,1851.883,1822.928,1789.101,1769.528,1761.32,1768.234,1798.773,1844.349,1895.483,1935.383,1975.542,2008.427,2041.345,2054.113,2062.366,2063.497,2059.359,2038.558,2017.048,1990.431,1965.88,1937.219,1914.511,1899.807,1896.521,1891.835,1888.785,1887.671,1887.701,1888.162,1889.502,1892.06,1896.228,1902.304,1910.206,1919.824,1931.237,1944.375,1959.007,1974.827,1991.137,2007.093,2021.905,2034.879,2045.275,2053.02,2058.072,2060.438,2060.215,2057.876,2053.711,2048.126,2041.579,2034.58,2027.581,2021.009,2015.236,2010.531,2007.114,2005.099,2004.539,2005.441,2007.729,2011.304,2016.065,2021.866,2028.5,2035.823,2043.644,2051.789,2060.073,2068.301,2076.256,2083.766,Male
 50-54,1931.434,1927.846,1913.135,1909.296,1894.173,1871.162,1833.186,1798.135,1748.467,1703.541,1678.887,1691.405,1722.058,1757.867,1794.346,1826.387,1834.55,1840.833,1848.104,1851.552,1867.408,1884.023,1898.232,1919.056,1936.995,1935.577,1937.004,1921.68,1902.686,1892.358,1879.992,1863.579,1846.655,1818.254,1785.043,1765.944,1758.098,1765.196,1795.67,1840.999,1891.82,1931.504,1971.458,2004.224,2037.037,2049.895,2058.271,2059.595,2055.717,2035.338,2014.238,1988.063,1963.944,1935.749,1913.449,1899.074,1896.005,1891.54,1888.694,1887.77,1887.972,1888.608,1890.109,1892.812,1897.118,1903.317,1911.326,1921.04,1932.535,1945.745,1960.431,1976.299,1992.653,2008.649,2023.517,2036.557,2047.034,2054.879,2060.046,2062.542,2062.471,2060.3,2056.313,2050.908,2044.547,2037.734,2030.914,2024.518,2018.92,2014.379,2011.118,2009.247,2008.817,2009.844,2012.245,2015.925,2020.782,2026.675,2033.391,2040.795,2048.688,Male
 55-59,1763.37,1811.331,1854.653,1881.813,1899.352,1902.985,1899.139,1884.553,1880.817,1866.127,1843.763,1806.865,1772.952,1724.759,1681.218,1657.55,1670.347,1700.919,1736.474,1772.591,1804.319,1812.656,1819.236,1826.777,1830.505,1846.457,1863.114,1877.453,1898.301,1916.227,1915.127,1916.846,1902.085,1883.77,1873.975,1862.125,1846.295,1829.923,1802.256,1769.861,1751.391,1744.039,1751.391,1781.787,1826.787,1877.196,1916.598,1956.278,1988.887,2021.559,2034.541,2043.074,2044.646,2041.112,2021.292,2000.734,1975.127,1951.577,1924.014,1902.265,1888.328,1885.543,1881.376,1878.811,1878.133,1878.569,1879.428,1881.143,1884.049,1888.542,1894.905,1903.067,1912.909,1924.516,1937.818,1952.583,1968.515,1984.93,2000.988,2015.922,2029.045,2039.632,2047.603,2052.927,2055.608,2055.739,2053.788,2050.033,2044.865,2038.753,2032.193,2025.623,2019.466,2014.096,2009.771,2006.714,2005.037,2004.789,2005.981,2008.536,2012.357,Male
 60-64,1493.186,1529.235,1572.576,1619.301,1668.149,1712.477,1758.775,1800.791,1827.318,1844.703,1848.705,1845.633,1832.239,1829.417,1815.928,1794.891,1759.711,1727.407,1681.332,1639.762,1617.494,1630.68,1661.117,1696.274,1731.842,1763.099,1771.691,1778.709,1786.64,1790.771,1806.873,1823.598,1838.147,1859.054,1876.97,1876.356,1878.515,1864.596,1847.284,1838.264,1827.166,1812.186,1796.62,1770.015,1738.799,1721.233,1714.592,1722.324,1752.599,1797.124,1846.941,1885.937,1925.214,1957.605,1990.085,2003.247,2012.004,2013.94,2010.906,1991.912,1972.144,1947.37,1924.647,1898.004,1877.062,1863.779,1861.406,1857.682,1855.526,1855.218,1856,1857.198,1859.239,1862.447,1867.214,1873.822,1882.195,1892.231,1904.006,1917.448,1932.332,1948.366,1964.869,1981.019,1996.058,2009.315,2020.063,2028.239,2033.797,2036.743,2037.171,2035.54,2032.127,2027.318,2021.577,2015.384,2009.177,2003.376,1998.337,1994.338,1991.587,Male
 65-69,1366.142,1354.503,1352.02,1366.273,1392.992,1423.44,1457.716,1499.187,1544.104,1591.215,1634.175,1679.098,1719.997,1746.181,1763.73,1768.495,1766.586,1754.81,1753.19,1741.343,1722.133,1689.351,1659.267,1616.131,1577.31,1556.959,1570.627,1600.812,1635.378,1670.164,1700.766,1709.725,1717.346,1725.823,1730.532,1746.834,1763.665,1778.513,1799.5,1817.416,1817.508,1820.285,1807.55,1791.651,1783.703,1773.667,1759.895,1745.468,1720.38,1690.837,1674.546,1668.888,1677.124,1707.206,1751.04,1800.012,1838.434,1877.137,1909.217,1941.424,1954.847,1963.931,1966.383,1964.067,1946.24,1927.599,1904.012,1882.46,1857.14,1837.35,1824.989,1823.211,1820.117,1818.545,1818.774,1820.051,1821.729,1824.226,1827.866,1833.024,1839.977,1848.661,1858.972,1870.979,1884.621,1899.667,1915.845,1932.48,1948.771,1963.967,1977.414,1988.405,1996.868,2002.759,2006.09,2006.952,2005.79,2002.875,1998.584,1993.366,1987.695,Male
 70-74,1304.718,1330.533,1346.974,1351.884,1288.895,1260.928,1250.93,1249.553,1263.621,1289.208,1318.496,1351.39,1390.918,1433.822,1478.864,1520.127,1563.18,1602.429,1628.029,1645.692,1651.408,1651.016,1641.381,1641.329,1631.669,1614.887,1585.336,1558.248,1519.145,1484.076,1466.333,1480.615,1510.415,1544.12,1577.778,1607.434,1616.885,1625.327,1634.535,1640.028,1656.59,1673.564,1688.823,1709.913,1727.813,1728.88,1732.499,1721.416,1707.482,1701.015,1692.444,1680.36,1667.51,1644.521,1617.296,1602.746,1598.447,1607.372,1637.159,1679.988,1727.753,1765.361,1803.235,1834.863,1866.674,1880.458,1889.965,1893.135,1891.806,1875.622,1858.556,1836.636,1816.723,1793.252,1775.083,1764.029,1763.094,1760.894,1760.144,1761.121,1763.092,1765.445,1768.587,1772.837,1778.547,1785.993,1795.107,1805.797,1818.13,1832.046,1847.324,1863.694,1880.512,1896.998,1912.419,1926.135,1937.462,1946.33,1952.703,1956.585,1958.064,Male
 75-79,861.788,901.263,938.656,988.451,1087.002,1139.394,1162.41,1177.11,1181.462,1129.081,1106.958,1100.221,1100.766,1114.877,1139.082,1166.849,1197.736,1234.322,1274.154,1316.033,1354.653,1394.813,1431.463,1455.98,1473.573,1480.413,1481.97,1475.185,1477.173,1470.459,1456.984,1431.905,1408.975,1375.548,1345.785,1331.699,1346.76,1375.913,1408.262,1440.15,1468.288,1478.325,1487.857,1498.031,1504.562,1521.408,1538.476,1554.25,1575.396,1593.174,1595.56,1600.289,1591.522,1580.392,1576.014,1569.503,1559.814,1549.189,1529.201,1505.31,1493.257,1490.904,1500.793,1530.097,1571.379,1617.29,1653.623,1690.183,1721.071,1752.232,1766.48,1776.531,1780.687,1780.763,1766.973,1752.185,1732.67,1715.145,1694.395,1678.609,1669.462,1669.728,1668.828,1669.278,1671.328,1674.307,1677.64,1681.714,1686.836,1693.338,1701.485,1711.215,1722.439,1735.22,1749.512,1765.109,1781.748,1798.809,1815.543,1831.265,1845.357,Male
 80-84,616.872,635.376,645.368,643.882,653.437,676.516,709.937,741.587,781.906,863.411,907.046,926.704,938.751,942.168,903.844,889.344,886.724,889.577,903.41,925.361,950.61,978.284,1010.326,1045.378,1082.308,1116.688,1152.271,1184.778,1207.305,1224.331,1232.325,1236.205,1233.062,1237.542,1234.63,1225.532,1206.524,1189.23,1163.633,1141.182,1132.04,1147.887,1175.752,1205.801,1234.82,1260.46,1271.049,1281.858,1293.147,1300.91,1317.887,1334.822,1351.066,1372.002,1389.32,1393.392,1399.507,1393.911,1386.682,1385.153,1381.466,1375.114,1367.596,1351.874,1332.758,1324.248,1324.619,1335.778,1364.161,1402.921,1445.849,1480.066,1514.454,1544.039,1574.029,1588.785,1599.476,1604.945,1606.981,1596.654,1585.172,1569.165,1555.13,1538.39,1526.105,1519.739,1521.701,1522.656,1524.819,1528.402,1532.801,1537.519,1542.91,1549.26,1556.87,1565.983,1576.549,1588.491,1601.872,1616.644,1632.63,Male
 85-89,341.387,350.409,360.404,370.539,382.231,396.295,408.958,416.743,416.545,424.779,443.056,468.398,491.537,519.164,577.552,608.709,622.896,630.911,632.951,611.056,605.01,606.576,611.447,623.996,642.131,663.049,685.455,710.571,738.286,767.591,795.242,823.68,849.692,868.605,883.89,892.524,898.571,899.416,906.287,907.57,903.604,892.142,881.897,866.237,853.011,849.831,865.839,890.932,916.907,941.218,962.764,973.47,985.294,997.37,1006.184,1022.603,1038.671,1054.815,1074.684,1090.719,1096.571,1104.086,1102.471,1100.218,1102.206,1102.052,1099.971,1096.474,1086.489,1073.872,1070.052,1073.875,1086.332,1112.779,1147.271,1185.24,1215.807,1246.486,1273.633,1301.368,1316.393,1327.594,1334.607,1339.155,1333.604,1326.694,1315.63,1306.516,1295.464,1288.103,1285.585,1289.789,1293.226,1297.661,1303.252,1309.497,1316.012,1323.105,1331.028,1340.042,1350.355,Male
 90-94,129.124,133.883,139.041,144.45,149.531,153.799,158.304,164.248,170.345,177.127,184.827,191.635,196.097,196.383,201.786,212.954,227.672,240.406,254.493,286.669,303.431,310.968,314.805,315.811,308.054,308.25,311.99,317.077,326.316,338.493,352.557,367.233,383.114,400.877,419.771,437.895,456.419,473.43,486.543,497.973,505.528,512.036,515.485,522.941,526.976,527.266,522.997,519.489,513.569,509.215,511.039,524.985,544.489,563.658,580.869,596.221,605.586,616.744,627.942,636.462,650.417,663.81,677.995,694.665,707.674,714.336,722.198,724.228,726.662,731.585,734.594,736.591,737.058,733.295,727.909,728.885,735.724,748.375,770.693,798.063,827.953,852.292,876.677,899.154,922.407,936.467,947.185,955.132,961.893,961.702,959.994,954.761,951.426,947.22,945.674,947.5,953.833,959.749,966.394,973.835,981.731,Male
 95-99,26.737,28.629,29.665,31.007,32.41,33.591,34.771,36.404,38.189,39.882,41.288,42.815,44.926,47.09,49.43,51.976,54.186,55.711,55.879,58.082,62.376,67.729,72.042,76.505,87.951,93.548,95.953,97.094,97.584,96.652,98.233,100.755,103.528,107.794,113.072,119.186,125.403,131.941,139.419,147.44,155.238,163.179,170.496,176.434,181.99,186.053,190.015,192.778,197.48,200.707,202.075,201.607,201.601,201.163,201.439,204.356,212.649,223.171,232.864,241.111,248.586,254.081,261.178,268.165,273.515,281.812,289.604,298.323,308.201,315.485,320.142,325.576,328.47,332.27,336.986,340.397,343.615,345.66,345.861,345.482,348.646,355.248,364.534,378.608,394.666,412.069,426.233,440.468,454.338,468.984,478.598,485.917,492.159,498.479,501.405,502.993,502.249,503.212,504.322,506.819,510.941,Male
 100 & over,1.927,1.937,2.46,2.832,3.064,3.229,3.382,3.545,3.742,3.934,4.09,4.258,4.507,4.783,5.042,5.251,5.489,5.839,6.193,6.564,6.956,7.296,7.55,7.595,8.039,8.837,9.766,10.455,11.137,13.175,14.064,14.422,14.602,14.767,15.003,15.557,16.186,16.813,17.727,18.822,20.111,21.389,22.709,24.282,25.989,27.665,29.369,30.955,32.316,33.69,34.767,35.914,36.812,38.203,39.244,39.799,40.014,40.398,40.869,41.473,42.639,45.048,47.88,50.303,52.273,54.187,55.939,58.325,60.563,62.237,64.828,67.199,70.03,73.118,75.219,76.9,78.89,80.346,82.299,84.289,85.787,87.404,88.542,89.354,90.117,91.974,94.948,98.458,103.218,108.29,113.884,118.477,123.212,128.239,133.65,137.474,140.343,143.2,146.482,148.871,150.45,Male
————,————,————,————,————,————,————,————,————,————,————,————,————,————,————,————,————,————,————,————,————,————,————,————,————,————,————,————,————,————,————,————,————,————,————,————,————,————,————,————,————,————,————,————,————,————,————,————,————,————,————,————,————,————,————,————,————,————,————,————,————,————,————,————,————,————,————,————,————,————,————,————,————,————,————,————,————,————,————,————,————,————,————,————,————,————,————,————,————,————,————,————,————,————,————,————,————,————,————,————,————,————,Female
  0-4,1630.474,1607.341,1586.496,1560.569,1539.989,1527.314,1523.999,1518.989,1515.575,1514.064,1513.669,1513.707,1514.593,1516.665,1520.291,1525.778,1533.044,1541.971,1552.643,1564.988,1578.787,1593.738,1609.173,1624.267,1638.267,1650.487,1660.206,1667.364,1671.917,1673.859,1673.303,1670.707,1666.341,1660.605,1653.947,1646.836,1639.738,1633.069,1627.172,1622.32,1618.706,1616.462,1615.635,1616.209,1618.122,1621.283,1625.582,1630.88,1637,1643.778,1651.045,1658.631,1666.354,1674.023,1681.443,1688.432,1694.828,1700.484,1705.284,1709.146,1712.041,1713.965,1714.963,1715.115,1714.535,1713.368,1711.766,1709.907,1707.965,1706.108,1704.485,1703.24,1702.484,1702.298,1702.734,1703.836,1705.592,1707.975,1710.942,1714.426,1718.337,1722.588,1727.075,1731.693,1736.337,1740.909,1745.319,1749.483,1753.327,1756.799,1759.861,1762.49,1764.678,1766.437,1767.787,1768.776,1769.452,1769.88,1770.121,1770.256,1770.354,Female
  5-9,1719.932,1728.416,1728.98,1724.499,1703.291,1682.447,1657.25,1634.324,1607.018,1585.348,1571.915,1568.234,1563.242,1559.844,1558.352,1557.975,1558.027,1558.931,1561.019,1564.665,1570.165,1577.44,1586.37,1597.038,1609.383,1623.183,1638.132,1653.56,1668.649,1682.641,1694.857,1704.574,1711.734,1716.294,1718.25,1717.703,1715.118,1710.771,1705.056,1698.415,1691.324,1684.241,1677.582,1671.701,1666.865,1663.269,1661.034,1660.215,1660.801,1662.722,1665.89,1670.194,1675.498,1681.62,1688.399,1695.669,1703.26,1710.982,1718.649,1726.074,1733.065,1739.462,1745.12,1749.927,1753.795,1756.694,1758.627,1759.625,1759.784,1759.216,1758.056,1756.466,1754.617,1752.684,1750.837,1749.221,1747.984,1747.235,1747.055,1747.502,1748.616,1750.379,1752.769,1755.74,1759.226,1763.143,1767.399,1771.889,1776.511,1781.158,1785.735,1790.146,1794.31,1798.154,1801.634,1804.702,1807.333,1809.527,1811.289,1812.643,1813.639,Female
 10-14,1596.348,1637.137,1677.733,1710.446,1744.902,1756.562,1763.524,1762.498,1757.066,1735.159,1713.855,1688.445,1665.558,1638.285,1616.645,1603.231,1599.567,1594.58,1591.194,1589.715,1589.341,1589.401,1590.316,1592.418,1596.072,1601.576,1608.856,1617.79,1628.457,1640.803,1654.597,1669.544,1684.966,1700.047,1714.035,1726.254,1735.969,1743.128,1747.688,1749.649,1749.112,1746.538,1742.202,1736.5,1729.867,1722.788,1715.715,1709.066,1703.196,1698.371,1694.786,1692.563,1691.75,1692.339,1694.264,1697.437,1701.746,1707.058,1713.182,1719.962,1727.233,1734.822,1742.542,1750.208,1757.632,1764.625,1771.026,1776.689,1781.495,1785.365,1788.268,1790.203,1791.208,1791.37,1790.806,1789.652,1788.064,1786.22,1784.297,1782.456,1780.851,1779.621,1778.878,1778.706,1779.159,1780.27,1782.03,1784.425,1787.4,1790.89,1794.807,1799.064,1803.557,1808.186,1812.836,1817.413,1821.825,1825.992,1829.839,1833.32,1836.386,Female
 15-19,1506.704,1502.982,1514.822,1545.19,1590.329,1641.377,1680.429,1719.267,1750.871,1784.537,1795.697,1802.43,1801.429,1796.015,1774.169,1752.911,1727.546,1704.703,1677.474,1655.871,1642.492,1638.847,1633.863,1630.486,1629.016,1628.652,1628.72,1629.646,1631.76,1635.419,1640.935,1648.218,1657.156,1667.825,1680.167,1693.96,1708.902,1724.322,1739.404,1753.392,1765.61,1775.326,1782.492,1787.057,1789.03,1788.505,1785.946,1781.623,1775.932,1769.311,1762.243,1755.186,1748.55,1742.694,1737.884,1734.307,1732.09,1731.286,1731.882,1733.814,1736.994,1741.306,1746.623,1752.751,1759.533,1766.807,1774.397,1782.117,1789.786,1797.213,1804.21,1810.617,1816.286,1821.094,1824.972,1827.882,1829.827,1830.836,1831.001,1830.441,1829.295,1827.719,1825.887,1823.971,1822.134,1820.539,1819.322,1818.58,1818.412,1818.867,1819.986,1821.755,1824.155,1827.133,1830.627,1834.55,1838.805,1843.299,1847.931,1852.586,1857.168,Female
 20-24,1706.986,1693.79,1677.942,1656.408,1624.869,1606.048,1598.002,1605.43,1632.596,1675.505,1725.213,1763.691,1802.547,1834.175,1867.852,1879.064,1885.854,1884.925,1879.606,1857.832,1836.654,1811.384,1788.633,1761.434,1739.819,1726.419,1722.741,1717.752,1714.363,1712.885,1712.518,1712.584,1713.509,1715.627,1719.293,1724.812,1732.109,1741.066,1751.75,1764.107,1777.914,1792.873,1808.305,1823.406,1837.412,1849.649,1859.395,1866.585,1871.181,1873.17,1872.664,1870.127,1865.824,1860.151,1853.54,1846.488,1839.442,1832.819,1826.977,1822.168,1818.591,1816.375,1815.571,1816.168,1818.1,1821.28,1825.595,1830.915,1837.054,1843.848,1851.134,1858.741,1866.476,1874.161,1881.599,1888.613,1895.031,1900.715,1905.538,1909.433,1912.358,1914.315,1915.338,1915.514,1914.965,1913.822,1912.251,1910.427,1908.519,1906.694,1905.105,1903.889,1903.148,1902.98,1903.438,1904.559,1906.333,1908.745,1911.733,1915.234,1919.165,Female
 25-29,1879.944,1872.251,1854.999,1828.651,1806.336,1789.037,1770.86,1750.059,1724.532,1689.821,1668.765,1659.593,1667.02,1694.241,1737.241,1787.056,1825.654,1864.601,1896.3,1930.042,1941.269,1948.042,1947.071,1941.698,1919.874,1898.635,1873.293,1850.461,1823.218,1801.583,1788.179,1784.513,1779.535,1776.156,1774.686,1774.328,1774.405,1775.336,1777.459,1781.137,1786.667,1793.97,1802.938,1813.636,1826.006,1839.827,1854.802,1870.257,1885.373,1899.396,1911.649,1921.402,1928.594,1933.189,1935.172,1934.656,1932.108,1927.794,1922.107,1915.481,1908.414,1901.35,1894.709,1888.859,1884.045,1880.466,1878.248,1877.442,1878.04,1879.98,1883.158,1887.482,1892.81,1898.957,1905.759,1913.052,1920.663,1928.406,1936.095,1943.542,1950.558,1956.979,1962.67,1967.498,1971.386,1974.309,1976.264,1977.286,1977.457,1976.902,1975.758,1974.181,1972.343,1970.432,1968.605,1967.009,1965.793,1965.049,1964.882,1965.337,1966.46,Female
 30-34,1897.871,1909.329,1914.275,1925.723,1931.856,1917.667,1906.839,1886.473,1857.826,1833.721,1815.168,1796.383,1775.645,1750.177,1715.547,1694.557,1685.462,1692.939,1720.174,1763.14,1812.915,1851.468,1890.358,1922.02,1955.724,1966.945,1973.722,1972.771,1967.433,1945.677,1924.498,1899.209,1876.433,1849.268,1827.702,1814.352,1810.722,1805.782,1802.434,1801,1800.672,1800.773,1801.734,1803.883,1807.579,1813.134,1820.461,1829.444,1840.156,1852.534,1866.366,1881.342,1896.801,1911.914,1925.94,1938.201,1947.951,1955.151,1959.751,1961.755,1961.259,1958.732,1954.438,1948.774,1942.178,1935.138,1928.106,1921.494,1915.669,1910.877,1907.328,1905.135,1904.355,1904.972,1906.93,1910.126,1914.467,1919.809,1925.97,1932.785,1940.09,1947.712,1955.464,1963.158,1970.613,1977.636,1984.067,1989.759,1994.595,1998.492,2001.423,2003.395,2004.43,2004.614,2004.076,2002.948,2001.38,1999.565,1997.669,1995.862,1994.281,Female
 35-39,1871.629,1886.19,1890.787,1895.44,1901.747,1913.961,1923.464,1926.456,1936.548,1941.621,1926.757,1915.634,1895.377,1866.894,1842.961,1824.547,1805.889,1785.278,1759.943,1725.475,1704.615,1695.62,1703.139,1730.358,1773.253,1822.925,1861.385,1900.19,1931.796,1965.449,1976.675,1983.488,1982.591,1977.326,1955.687,1934.622,1909.455,1886.795,1859.754,1838.293,1825.023,1821.448,1816.558,1813.261,1811.875,1811.591,1811.736,1812.732,1814.918,1818.657,1824.238,1831.59,1840.598,1851.332,1863.719,1877.557,1892.542,1908.004,1923.119,1937.147,1949.411,1959.17,1966.389,1971.012,1973.039,1972.577,1970.09,1965.843,1960.228,1953.681,1946.687,1939.704,1933.143,1927.366,1922.62,1919.109,1916.954,1916.21,1916.859,1918.848,1922.068,1926.425,1931.786,1937.97,1944.803,1952.124,1959.763,1967.53,1975.239,1982.709,1989.742,1996.185,2001.893,2006.748,2010.662,2013.616,2015.606,2016.661,2016.868,2016.354,2015.253,Female
 40-44,1704.078,1716.923,1752.209,1793.295,1840.111,1881.596,1894.738,1897.972,1901.717,1907.32,1919.026,1928.278,1931.311,1941.413,1946.509,1931.758,1920.747,1900.647,1872.381,1848.657,1830.421,1811.931,1791.483,1766.336,1732.083,1711.403,1702.544,1710.125,1737.329,1780.134,1829.676,1868.031,1906.746,1938.293,1971.888,1983.141,1989.999,1989.18,1984.012,1962.532,1941.614,1916.598,1894.09,1867.211,1845.891,1832.729,1829.224,1824.408,1821.182,1819.859,1819.634,1819.837,1820.891,1823.128,1826.916,1832.54,1839.931,1848.968,1859.723,1872.131,1885.986,1900.987,1916.456,1931.581,1945.62,1957.896,1967.678,1974.926,1979.585,1981.661,1981.249,1978.812,1974.621,1969.07,1962.588,1955.664,1948.746,1942.25,1936.532,1931.842,1928.384,1926.28,1925.584,1926.271,1928.298,1931.553,1935.941,1941.334,1947.546,1954.405,1961.751,1969.413,1977.204,1984.934,1992.421,1999.478,2005.946,2011.678,2016.559,2020.501,2023.484,Female
 45-49,1919.548,1878.44,1840.203,1785.697,1738.246,1711.031,1722.865,1757.034,1797.242,1843.277,1884.178,1897.129,1900.444,1904.273,1909.954,1921.698,1930.993,1934.112,1944.262,1949.419,1934.845,1924.004,1904.13,1876.152,1852.704,1834.697,1816.433,1796.206,1771.305,1737.34,1716.883,1708.198,1715.855,1743.032,1785.727,1835.125,1873.371,1911.979,1943.465,1976.994,1988.283,1995.209,1994.487,1989.446,1968.169,1947.442,1922.624,1900.306,1873.641,1852.499,1839.477,1836.067,1831.351,1828.217,1826.977,1826.833,1827.112,1828.244,1830.551,1834.404,1840.085,1847.526,1856.598,1867.389,1879.831,1893.711,1908.729,1924.218,1939.355,1953.409,1965.716,1975.541,1982.833,1987.544,1989.675,1989.322,1986.963,1982.852,1977.387,1970.993,1964.153,1957.317,1950.9,1945.259,1940.644,1937.257,1935.224,1934.585,1935.328,1937.405,1940.706,1945.136,1950.564,1956.81,1963.704,1971.086,1978.783,1986.611,1994.374,2001.892,2008.98,Female
 50-54,1984.017,1981.716,1966.127,1962.016,1945.983,1919.211,1877.751,1839.264,1784.904,1737.669,1710.634,1722.453,1756.56,1796.606,1842.377,1883.036,1896.012,1899.479,1903.458,1909.271,1921.098,1930.467,1933.718,1943.955,1949.219,1934.899,1924.303,1904.733,1877.149,1854.072,1836.374,1818.407,1798.472,1773.899,1740.319,1720.17,1711.726,1719.502,1746.655,1789.205,1838.402,1876.505,1914.973,1946.38,1979.827,1991.178,1998.186,1997.597,1992.729,1971.727,1951.258,1926.713,1904.652,1878.274,1857.383,1844.56,1841.283,1836.704,1833.695,1832.572,1832.536,1832.923,1834.161,1836.567,1840.51,1846.273,1853.777,1862.91,1873.752,1886.236,1900.149,1915.194,1930.704,1945.87,1959.957,1972.305,1982.181,1989.532,1994.31,1996.524,1996.27,1994.013,1990.011,1984.659,1978.38,1971.658,1964.932,1958.627,1953.095,1948.584,1945.296,1943.347,1942.792,1943.611,1945.757,1949.123,1953.61,1959.095,1965.392,1972.337,1979.767,Female
 55-59,1809.959,1862.989,1912.329,1945.751,1963.994,1969.119,1966.311,1950.637,1946.484,1930.646,1904.314,1863.627,1825.972,1772.707,1726.461,1700.137,1712.169,1746.189,1786.015,1831.412,1871.727,1884.748,1888.435,1892.631,1898.637,1910.591,1920.07,1923.513,1933.88,1939.307,1925.365,1915.102,1895.961,1868.929,1846.381,1829.114,1811.58,1792.063,1767.953,1734.931,1715.221,1707.118,1715.056,1742.185,1784.528,1833.449,1871.36,1909.638,1940.935,1974.275,1985.71,1992.836,1992.434,1987.805,1967.193,1947.093,1922.925,1901.237,1875.28,1854.752,1842.204,1839.112,1834.733,1831.913,1830.961,1831.086,1831.628,1833.016,1835.558,1839.623,1845.497,1853.105,1862.324,1873.239,1885.786,1899.755,1914.844,1930.393,1945.604,1959.735,1972.143,1982.09,1989.529,1994.415,1996.753,1996.633,1994.526,1990.68,1985.489,1979.369,1972.806,1966.252,1960.111,1954.733,1950.37,1947.219,1945.396,1944.957,1945.887,1948.138,1951.598,Female
 60-64,1551.188,1587.226,1632.588,1682.843,1734.885,1784.538,1835.864,1883.888,1916.501,1934.413,1939.62,1937.236,1922.365,1918.829,1903.782,1878.415,1838.974,1802.497,1750.789,1705.944,1680.621,1692.937,1726.82,1766.309,1811.165,1850.993,1864.085,1868.104,1872.625,1878.912,1891.053,1900.705,1904.45,1915.013,1920.688,1907.298,1897.533,1879.017,1852.799,1831.012,1814.372,1797.454,1778.543,1755.104,1722.885,1703.803,1696.188,1704.367,1731.457,1773.495,1822.028,1859.67,1897.685,1928.84,1962.026,1973.589,1980.885,1980.752,1976.478,1956.444,1936.875,1913.26,1892.104,1866.752,1846.747,1834.612,1831.804,1827.721,1825.175,1824.471,1824.821,1825.593,1827.195,1829.943,1834.196,1840.236,1847.992,1857.34,1868.364,1881.011,1895.062,1910.221,1925.832,1941.105,1955.313,1967.811,1977.87,1985.442,1990.48,1992.997,1993.079,1991.188,1987.572,1982.62,1976.744,1970.432,1964.119,1958.207,1953.055,1948.907,1945.957,Female
 65-69,1456.451,1445.992,1440.467,1452.56,1478.659,1510.378,1544.809,1588.639,1637.368,1687.977,1736.416,1786.578,1833.638,1865.79,1883.739,1889.4,1887.766,1874.025,1871.335,1857.399,1833.377,1795.69,1760.844,1711.317,1668.412,1644.474,1657.172,1690.849,1729.877,1773.986,1813.159,1826.384,1830.88,1835.869,1842.562,1854.975,1864.897,1869.074,1879.928,1885.979,1873.397,1864.343,1846.724,1821.646,1800.914,1785.136,1769.085,1751.016,1728.524,1697.435,1679.221,1672.285,1680.785,1707.818,1749.436,1797.419,1834.708,1872.36,1903.331,1936.311,1948.071,1955.608,1955.867,1952.089,1932.857,1914.029,1891.191,1870.783,1846.277,1827.017,1815.476,1813.067,1809.409,1807.256,1806.916,1807.601,1808.696,1810.604,1813.643,1818.162,1824.441,1832.406,1841.946,1853.135,1865.916,1880.082,1895.338,1911.049,1926.419,1940.735,1953.369,1963.589,1971.358,1976.625,1979.4,1979.77,1978.189,1974.901,1970.29,1964.758,1958.791,Female
 70-74,1420.082,1450.374,1472.601,1480.919,1415.794,1383.793,1373.942,1369.268,1381.272,1406.597,1437.424,1470.916,1513.296,1560.426,1609.441,1656.456,1705.102,1750.735,1782.192,1800.166,1806.453,1805.887,1793.762,1792.287,1779.943,1757.841,1722.654,1690.128,1643.749,1603.654,1581.719,1594.973,1628.367,1666.719,1709.733,1747.92,1761.318,1766.521,1772.185,1779.459,1792.263,1802.565,1807.385,1818.67,1825.267,1813.861,1805.82,1789.481,1766.062,1746.861,1732.324,1717.528,1700.675,1679.545,1650.094,1633.135,1627.186,1636.16,1663.112,1704.104,1751.292,1788.067,1825.185,1855.884,1888.569,1900.614,1908.482,1909.285,1906.229,1888.172,1870.419,1848.704,1829.393,1806.13,1787.964,1777.292,1775.474,1772.45,1770.88,1771.06,1772.232,1773.802,1776.162,1779.627,1784.539,1791.169,1799.446,1809.257,1820.683,1833.667,1848.01,1863.421,1879.268,1894.782,1909.262,1922.092,1932.554,1940.613,1946.22,1949.38,1950.172,Female
 75-79,1001.338,1040.628,1078.607,1130.788,1236.155,1294.007,1321.025,1341.16,1348.378,1290.976,1263.522,1256.06,1253.172,1265.463,1289.942,1319.636,1351.791,1391.905,1436.552,1483.079,1527.863,1574.123,1617.497,1647.804,1665.725,1672.875,1673.854,1664.116,1664.429,1654.44,1635.176,1603.713,1574.649,1533.044,1497.189,1478.276,1492.359,1525.282,1562.553,1603.801,1640.37,1653.961,1660.204,1666.858,1674.986,1688.358,1699.185,1704.934,1716.837,1724.233,1714.6,1708.075,1693.66,1672.762,1655.899,1643.237,1630.358,1615.344,1596.28,1569.332,1554.307,1549.892,1559.592,1586.41,1626.399,1672.314,1708.244,1744.487,1774.73,1806.921,1819.376,1827.709,1829.326,1827.365,1811.122,1795.024,1775.029,1757.401,1736.084,1719.63,1710.305,1709.387,1707.328,1706.652,1707.638,1709.563,1711.865,1714.931,1719.057,1724.572,1731.733,1740.481,1750.709,1762.496,1775.787,1790.392,1806.029,1822.084,1837.814,1852.543,1865.673,Female
 80-84,786.884,805.241,813.689,809.32,817.933,841.955,876.092,909.586,953.965,1045.55,1095.912,1119.521,1136.479,1142.046,1096.301,1075.692,1071.759,1071.45,1084.04,1107.081,1134.878,1164.802,1201.241,1241.837,1284.291,1325.381,1367.69,1407.308,1435.573,1453.142,1461.373,1464.498,1458.212,1461.038,1454.461,1439.386,1413.517,1389.652,1355.318,1325.921,1311.561,1326.758,1358.763,1394.14,1432.397,1466.217,1479.92,1487.621,1495.665,1504.962,1519.06,1530.555,1537.619,1550.343,1558.849,1551.881,1547.608,1536.113,1519.113,1505.877,1496.087,1486.146,1473.952,1458.096,1435.065,1423.043,1421.002,1431.77,1458.274,1496.533,1540.282,1574.741,1609.457,1638.855,1670.138,1683.146,1692.118,1694.948,1694.663,1681.292,1667.804,1650.519,1635.554,1617.342,1603.617,1596.422,1596.902,1596.357,1597.082,1599.324,1602.419,1605.861,1610.012,1615.155,1621.599,1629.582,1639.052,1649.915,1662.241,1675.984,1690.971,Female
 85-89,524.315,528.667,532.672,539.033,548.588,562.084,575.092,582.35,579.818,587.841,608.17,636.026,662.321,695.054,765.789,804.471,822.43,834.394,837.54,807.879,796.468,797.003,799.836,812.268,832.596,856.904,882.796,913.114,946.952,982.559,1017.319,1052.917,1086.166,1110.637,1126.967,1136.133,1141.781,1140.028,1145.951,1143.91,1134.633,1116.76,1100.371,1076.628,1056.614,1048.713,1065.014,1094.926,1126.717,1159.773,1188.83,1202.222,1211.67,1221.369,1231.999,1246.711,1258.777,1267.432,1280.976,1290.785,1287.603,1286.51,1279.293,1268.108,1260.25,1254.692,1249.107,1241.11,1230.078,1213.053,1205.569,1207.036,1219.202,1244.846,1279.941,1319.811,1351.523,1383.413,1411.099,1440.565,1454.16,1463.882,1468.41,1470.612,1461.713,1452.27,1439.23,1428.446,1415.16,1405.74,1401.865,1404.45,1406.212,1409.063,1413.196,1418.041,1423.192,1428.969,1435.633,1443.449,1452.631,Female
 90-94,252.952,257.209,261.609,265.974,269.517,271.487,273.222,277.125,282.447,289.311,297.918,305.907,310.693,309.677,315.719,329.619,347.714,363.771,382.135,425.375,448.459,458.781,464.955,466.148,453.565,451.122,455.126,459.985,470.41,485.526,503.374,522.086,542.931,566.337,591.203,615.749,640.732,664.003,681.885,694.922,703.653,710.763,713.166,721.129,723.324,720.299,711.727,704.099,692.885,683.871,682.958,698.686,723.518,748.473,772.952,794.309,806.001,816.282,826.701,837.649,851.63,863.123,872.612,885.825,896.114,897.094,899.38,897.248,893.232,891.862,891.307,890.901,888.059,883.15,874.028,872.222,877.692,890.714,913.75,942.882,975.674,1002.098,1028.599,1052.53,1078.049,1091.472,1101.377,1107.587,1112.669,1109.744,1105.722,1098.5,1093.433,1087.02,1083.525,1084.054,1089.161,1093.78,1099.224,1105.591,1112.468,Female
 95-99,79.122,81.692,80.264,79.435,78.878,78.607,79.297,81.001,82.673,84.006,84.8,85.767,87.829,90.383,93.351,96.749,99.8,101.74,101.5,104.448,110.658,118.266,124.509,131.084,148.616,157.464,161.158,163.203,163.671,161.436,162.77,166.229,169.686,175.295,182.784,191.542,200.556,210.154,221.089,232.856,244.588,256.458,267.483,276.311,283.294,288.624,293.714,296.761,302.778,305.753,306.075,304.019,302.543,300.328,298.943,301.416,312.099,326.927,340.786,353.42,364.389,371.562,379.133,386.741,394.527,404.015,411.727,418.802,428.083,435.615,438.259,441.564,442.63,443.655,446.303,448.602,451.184,451.862,451.673,449.43,451.577,458.354,468.831,484.781,503.093,523.542,540.097,556.715,572.565,589.614,599.597,607.029,612.79,618.746,620.577,621.015,619.201,619.305,619.34,620.991,624.681,Female
 100 & over,9.414,9.259,10.836,11.66,11.939,11.996,11.946,11.844,11.764,11.673,11.63,11.765,12.08,12.375,12.599,12.741,12.972,13.45,13.994,14.574,15.2,15.756,16.148,16.155,16.889,18.276,19.85,21.021,22.182,25.834,27.494,28.117,28.478,28.68,29.005,29.796,30.855,31.817,33.228,35.044,37.183,39.349,41.567,44.188,47.062,49.956,52.87,55.577,57.868,59.849,61.537,63.325,64.621,66.762,67.996,68.527,68.594,68.886,69.336,69.83,71.273,74.887,79.439,83.339,86.646,89.663,92.209,95.291,98.253,101.169,104.619,107.356,110.151,113.702,116.643,118.202,119.97,121.185,122.859,125,126.573,128.393,129.376,130.331,130.821,132.82,136.513,140.969,147.075,153.393,160.641,166.644,172.806,179.233,186.174,190.729,194.109,197.338,201.167,203.855,205.392,Female
————,————,————,————,————,————,————,————,————,————,————,————,————,————,————,————,————,————,————,————,————,————,————,————,————,————,————,————,————,————,————,————,————,————,————,————,————,————,————,————,————,————,————,————,————,————,————,————,————,————,————,————,————,————,————,————,————,————,————,————,————,————,————,————,————,————,————,————,————,————,————,————,————,————,————,————,————,————,————,————,————,————,————,————,————,————,————,————,————,————,————,————,————,————,————,————,————,————,————,————,————,————,Persons
  0-4,3346.727,3298.341,3254.058,3199.741,3156.575,3129.202,3122.493,3112.277,3105.324,3102.265,3101.483,3101.588,3103.426,3107.691,3115.143,3126.404,3141.304,3159.613,3181.497,3206.816,3235.111,3265.763,3297.406,3328.352,3357.053,3382.106,3402.04,3416.718,3426.058,3430.051,3428.922,3423.608,3414.67,3402.92,3389.283,3374.722,3360.178,3346.516,3334.443,3324.506,3317.106,3312.51,3310.819,3312.006,3315.935,3322.423,3331.24,3342.107,3354.659,3368.562,3383.468,3399.029,3414.87,3430.591,3445.8,3460.129,3473.245,3484.842,3494.685,3502.612,3508.552,3512.501,3514.55,3514.87,3513.684,3511.299,3508.028,3504.223,3500.248,3496.444,3493.127,3490.58,3489.039,3488.661,3489.567,3491.829,3495.432,3500.326,3506.412,3513.556,3521.58,3530.296,3539.494,3548.964,3558.487,3567.865,3576.906,3585.44,3593.326,3600.454,3606.738,3612.129,3616.611,3620.221,3622.998,3625.033,3626.423,3627.304,3627.805,3628.081,3628.289,Persons
  5-9,3523.866,3542.243,3545.214,3537.022,3494.763,3451.951,3399.368,3350.849,3293.743,3248.387,3219.489,3212.037,3201.873,3194.961,3191.936,3191.196,3191.331,3193.207,3197.505,3204.987,3216.272,3231.192,3249.51,3271.395,3296.714,3325.016,3355.668,3387.297,3418.233,3446.92,3471.966,3491.894,3506.577,3515.928,3519.942,3518.838,3513.552,3504.645,3492.934,3479.333,3464.813,3450.307,3436.674,3424.628,3414.724,3407.355,3402.784,3401.109,3402.319,3406.261,3412.761,3421.589,3432.475,3445.04,3458.952,3473.866,3489.434,3505.273,3520.992,3536.21,3550.543,3563.662,3575.263,3585.116,3593.051,3599.002,3602.966,3605.022,3605.36,3604.196,3601.825,3598.575,3594.789,3590.832,3587.053,3583.75,3581.223,3579.697,3579.334,3580.262,3582.542,3586.157,3591.064,3597.156,3604.302,3612.335,3621.066,3630.275,3639.752,3649.285,3658.668,3667.714,3676.251,3684.138,3691.277,3697.57,3702.974,3707.466,3711.084,3713.872,3715.916,Persons
 10-14,3274.119,3357.876,3441.053,3508.137,3576.63,3601.405,3616.583,3616.239,3606.053,3562.332,3518.552,3465.524,3417.089,3360.061,3314.772,3285.912,3278.494,3268.343,3261.455,3258.456,3257.73,3257.883,3259.782,3264.097,3271.597,3282.891,3297.822,3316.151,3338.035,3363.356,3391.65,3422.295,3453.922,3484.848,3513.528,3538.571,3558.494,3573.181,3582.532,3586.555,3585.462,3580.195,3571.312,3559.627,3546.041,3531.549,3517.07,3503.454,3491.432,3481.548,3474.195,3469.643,3467.985,3469.205,3473.159,3479.668,3488.509,3499.409,3511.979,3525.891,3540.807,3556.375,3572.215,3587.939,3603.158,3617.49,3630.607,3642.21,3652.064,3660.005,3665.964,3669.935,3672.005,3672.348,3671.197,3668.836,3665.6,3661.822,3657.88,3654.11,3650.824,3648.304,3646.79,3646.448,3647.391,3649.677,3653.293,3658.21,3664.308,3671.459,3679.497,3688.226,3697.438,3706.922,3716.459,3725.848,3734.9,3743.447,3751.34,3758.481,3764.771,Persons
 15-19,3096.575,3089.942,3113.204,3177.717,3271.346,3375.588,3455.54,3534.856,3599.511,3666.287,3689.984,3704.682,3704.386,3694.238,3650.637,3606.96,3554.032,3505.687,3448.761,3403.556,3374.771,3367.401,3357.259,3350.394,3347.416,3346.708,3346.878,3348.799,3353.137,3360.65,3371.966,3386.907,3405.244,3427.135,3452.454,3480.75,3511.395,3543.016,3573.945,3602.626,3627.666,3647.592,3662.291,3671.653,3675.7,3674.631,3669.391,3660.533,3648.875,3635.318,3620.855,3606.401,3592.812,3580.815,3570.958,3563.63,3559.098,3557.457,3558.695,3562.661,3569.185,3578.036,3588.951,3601.529,3615.449,3630.374,3645.946,3661.79,3677.521,3692.742,3707.077,3720.205,3731.819,3741.679,3749.631,3755.601,3759.586,3761.673,3762.03,3760.893,3758.553,3755.332,3751.568,3747.64,3743.88,3740.612,3738.116,3736.613,3736.281,3737.229,3739.527,3743.164,3748.092,3754.196,3761.351,3769.398,3778.128,3787.344,3796.838,3806.382,3815.778,Persons
 20-24,3512.654,3487.975,3459.619,3412.241,3348.938,3311.884,3296.014,3309.918,3367.68,3456.581,3557.974,3636.707,3716.077,3780.789,3847.575,3871.365,3886.165,3886.014,3876.079,3832.667,3789.183,3736.475,3688.361,3631.552,3586.381,3557.592,3550.179,3540.039,3533.172,3530.188,3529.481,3529.657,3531.586,3535.943,3543.479,3554.81,3569.776,3588.153,3610.077,3635.427,3663.749,3694.426,3726.074,3757.039,3785.754,3810.835,3830.823,3845.567,3854.988,3859.083,3858.066,3852.871,3844.068,3832.454,3818.935,3804.514,3790.097,3776.543,3764.575,3754.738,3747.426,3742.905,3741.269,3742.512,3746.492,3753.027,3761.889,3772.816,3785.416,3799.36,3814.312,3829.916,3845.792,3861.556,3876.807,3891.181,3904.34,3915.989,3925.882,3933.865,3939.869,3943.889,3946.008,3946.388,3945.277,3942.948,3939.748,3936.011,3932.104,3928.369,3925.12,3922.627,3921.138,3920.82,3921.785,3924.096,3927.741,3932.685,3938.805,3945.973,3954.041,Persons
 25-29,3815.924,3813.069,3783.024,3738.878,3707.133,3677.769,3642.635,3603.637,3548.041,3478.261,3436.656,3418.511,3432.434,3490.29,3579.346,3680.923,3759.875,3839.409,3904.252,3971.156,3995.018,4009.825,4009.644,3999.652,3956.212,3912.677,3859.895,3811.673,3754.813,3709.633,3680.863,3673.487,3663.39,3656.555,3653.606,3652.936,3653.149,3655.102,3659.483,3667.049,3678.417,3693.405,3711.813,3733.77,3759.153,3787.509,3818.22,3849.915,3880.912,3909.667,3934.784,3954.801,3969.563,3978.998,3983.1,3982.082,3976.882,3968.068,3956.446,3942.911,3928.476,3914.047,3900.485,3888.519,3878.683,3871.377,3866.867,3865.245,3866.505,3870.507,3877.055,3885.944,3896.897,3909.52,3923.494,3938.465,3954.084,3969.98,3985.766,4001.037,4015.426,4028.599,4040.264,4050.172,4058.162,4064.173,4068.198,4070.315,4070.698,4069.584,4067.26,4064.063,4060.315,4056.41,4052.678,4049.427,4046.946,4045.462,4045.151,4046.121,4048.438,Persons
 30-34,3787.597,3818.183,3839.456,3873.273,3898.653,3883.307,3873.735,3836.895,3787.857,3752.298,3720.287,3683.891,3645.079,3589.685,3520.139,3478.72,3460.757,3474.805,3532.694,3621.687,3723.166,3802.042,3881.475,3946.265,4013.108,4036.971,4051.797,4051.663,4041.753,3998.463,3955.063,3902.412,3854.332,3797.668,3752.661,3724.03,3716.748,3706.743,3699.989,3697.121,3696.52,3696.8,3698.823,3703.269,3710.895,3722.319,3737.358,3755.799,3777.792,3803.197,3831.577,3862.298,3894.008,3925.014,3953.778,3978.919,3998.948,4013.738,4023.199,4027.345,4026.37,4021.224,4012.463,4000.901,3987.44,3973.076,3958.721,3945.222,3933.323,3923.548,3916.315,3911.863,3910.302,3911.604,3915.657,3922.248,3931.179,3942.168,3954.826,3968.829,3983.833,3999.48,4015.397,4031.202,4046.496,4060.906,4074.107,4085.792,4095.722,4103.739,4109.776,4113.832,4115.982,4116.4,4115.33,4113.046,4109.877,4106.173,4102.31,4098.619,4095.406,Persons
 35-39,3717.483,3741.83,3753.972,3766.573,3776.731,3805.288,3831.71,3848.796,3879.766,3902.881,3886.089,3875.889,3839.344,3790.695,3755.5,3723.804,3687.717,3649.203,3594.165,3525.028,3483.939,3466.231,3480.408,3538.259,3627.083,3728.328,3807.004,3886.259,3950.926,4017.662,4041.547,4056.442,4056.427,4046.68,4003.669,3960.542,3908.176,3860.38,3804.027,3759.294,3730.875,3723.731,3713.859,3707.229,3704.479,3703.993,3704.385,3706.5,3711.038,3718.762,3730.258,3745.365,3763.867,3785.907,3811.347,3839.748,3870.489,3902.213,3933.23,3962.011,3987.17,4007.229,4022.068,4031.593,4035.806,4034.921,4029.871,4021.224,4009.777,3996.433,3982.187,3967.955,3954.582,3942.793,3933.13,3925.997,3921.64,3920.16,3921.541,3925.668,3932.32,3941.306,3952.35,3965.059,3979.108,3994.151,4009.84,4025.796,4041.641,4056.973,4071.419,4084.659,4096.384,4106.361,4114.422,4120.513,4124.625,4126.836,4127.317,4126.311,4124.087,Persons
 40-44,3390.584,3417.24,3484.755,3563.04,3647.626,3722.142,3743.562,3752.805,3763.571,3772.337,3799.858,3825.745,3842.883,3873.837,3896.925,3880.355,3870.379,3834.21,3786.054,3751.294,3719.996,3684.316,3646.194,3591.652,3523.083,3482.451,3465.098,3479.448,3537.252,3625.837,3726.759,3805.193,3884.229,3948.758,4015.362,4039.317,4054.326,4054.49,4044.981,4002.368,3959.615,3907.64,3860.244,3804.328,3759.975,3731.852,3724.9,3715.225,3708.784,3706.2,3705.872,3706.41,3708.675,3713.347,3721.193,3732.801,3748.014,3766.594,3788.698,3814.193,3842.64,3873.427,3905.176,3936.221,3965.036,3990.242,4010.36,4025.278,4034.894,4039.228,4038.478,4033.575,4025.081,4013.802,4000.628,3986.557,3972.493,3959.288,3947.666,3938.145,3931.148,3926.92,3925.559,3927.051,3931.278,3938.024,3947.096,3958.221,3971,3985.12,4000.229,4015.976,4031.996,4047.9,4063.291,4077.805,4091.109,4102.902,4112.95,4121.08,4127.253,Persons
 45-49,3799.242,3720.435,3647.374,3542.921,3450.149,3397.994,3422.391,3487.345,3563.608,3646.427,3719.628,3740.644,3750.054,3760.988,3769.929,3797.481,3823.372,3840.624,3871.594,3894.701,3878.467,3868.825,3833.198,3785.72,3751.542,3720.774,3685.659,3648.089,3594.233,3526.441,3486.411,3469.518,3484.089,3541.805,3630.076,3730.608,3808.754,3887.521,3951.892,4018.339,4042.396,4057.575,4057.984,4048.805,4006.727,3964.49,3913.055,3866.186,3810.86,3767.01,3739.284,3732.588,3723.186,3717.002,3714.648,3714.534,3715.274,3717.746,3722.611,3730.632,3742.389,3757.732,3776.422,3798.626,3824.206,3852.718,3883.556,3915.355,3946.448,3975.314,4000.595,4020.816,4035.853,4045.616,4050.113,4049.537,4044.839,4036.563,4025.513,4012.572,3998.733,3984.898,3971.909,3960.495,3951.175,3944.371,3940.323,3939.124,3940.769,3945.134,3952.01,3961.201,3972.43,3985.31,3999.527,4014.73,4030.572,4046.684,4062.675,4078.148,4092.746,Persons
 50-54,3915.451,3909.562,3879.262,3871.312,3840.156,3790.373,3710.937,3637.399,3533.371,3441.21,3389.521,3413.858,3478.618,3554.473,3636.723,3709.423,3730.562,3740.312,3751.562,3760.823,3788.506,3814.49,3831.95,3863.011,3886.214,3870.476,3861.307,3826.413,3779.835,3746.43,3716.366,3681.986,3645.127,3592.153,3525.362,3486.114,3469.824,3484.698,3542.325,3630.204,3730.222,3808.009,3886.431,3950.604,4016.864,4041.073,4056.457,4057.192,4048.446,4007.065,3965.496,3914.776,3868.596,3814.023,3770.832,3743.634,3737.288,3728.244,3722.389,3720.342,3720.508,3721.531,3724.27,3729.379,3737.628,3749.59,3765.103,3783.95,3806.287,3831.981,3860.58,3891.493,3923.357,3954.519,3983.474,4008.862,4029.215,4044.411,4054.356,4059.066,4058.741,4054.313,4046.324,4035.567,4022.927,4009.392,3995.846,3983.145,3972.015,3962.963,3956.414,3952.594,3951.609,3953.455,3958.002,3965.048,3974.392,3985.77,3998.783,4013.132,4028.455,Persons
 55-59,3573.329,3674.32,3766.982,3827.564,3863.346,3872.104,3865.45,3835.19,3827.301,3796.773,3748.077,3670.492,3598.924,3497.466,3407.679,3357.687,3382.516,3447.108,3522.489,3604.003,3676.046,3697.404,3707.671,3719.408,3729.142,3757.048,3783.184,3800.966,3832.181,3855.534,3840.492,3831.948,3798.046,3752.699,3720.356,3691.239,3657.875,3621.986,3570.209,3504.792,3466.612,3451.157,3466.447,3523.972,3611.315,3710.645,3787.958,3865.916,3929.822,3995.834,4020.251,4035.91,4037.08,4028.917,3988.485,3947.827,3898.052,3852.814,3799.294,3757.017,3730.532,3724.655,3716.109,3710.724,3709.094,3709.655,3711.056,3714.159,3719.607,3728.165,3740.402,3756.172,3775.233,3797.755,3823.604,3852.338,3883.359,3915.323,3946.592,3975.657,4001.188,4021.722,4037.132,4047.342,4052.361,4052.372,4048.314,4040.713,4030.354,4018.122,4004.999,3991.875,3979.577,3968.829,3960.141,3953.933,3950.433,3949.746,3951.868,3956.674,3963.955,Persons
 60-64,3044.374,3116.461,3205.164,3302.144,3403.034,3497.015,3594.639,3684.679,3743.819,3779.116,3788.325,3782.869,3754.604,3748.246,3719.71,3673.306,3598.685,3529.904,3432.121,3345.706,3298.115,3323.617,3387.937,3462.583,3543.007,3614.092,3635.776,3646.813,3659.265,3669.683,3697.926,3724.303,3742.597,3774.067,3797.658,3783.654,3776.048,3743.613,3700.083,3669.276,3641.538,3609.64,3575.163,3525.119,3461.684,3425.036,3410.78,3426.691,3484.056,3570.619,3668.969,3745.607,3822.899,3886.445,3952.111,3976.836,3992.889,3994.692,3987.384,3948.356,3909.019,3860.63,3816.751,3764.756,3723.809,3698.391,3693.21,3685.403,3680.701,3679.689,3680.821,3682.791,3686.434,3692.39,3701.41,3714.058,3730.187,3749.571,3772.37,3798.459,3827.394,3858.587,3890.701,3922.124,3951.371,3977.126,3997.933,4013.681,4024.277,4029.74,4030.25,4026.728,4019.699,4009.938,3998.321,3985.816,3973.296,3961.583,3951.392,3943.245,3937.544,Persons
 65-69,2822.593,2800.495,2792.487,2818.833,2871.651,2933.818,3002.525,3087.826,3181.472,3279.192,3370.591,3465.676,3553.635,3611.971,3647.469,3657.895,3654.352,3628.835,3624.525,3598.742,3555.51,3485.041,3420.111,3327.448,3245.722,3201.433,3227.799,3291.661,3365.255,3444.15,3513.925,3536.109,3548.226,3561.692,3573.094,3601.809,3628.562,3647.587,3679.428,3703.395,3690.905,3684.628,3654.274,3613.297,3584.617,3558.803,3528.98,3496.484,3448.904,3388.272,3353.767,3341.173,3357.909,3415.024,3500.476,3597.431,3673.142,3749.497,3812.548,3877.735,3902.918,3919.539,3922.25,3916.156,3879.097,3841.628,3795.203,3753.243,3703.417,3664.367,3640.465,3636.278,3629.526,3625.801,3625.69,3627.652,3630.425,3634.83,3641.509,3651.186,3664.418,3681.067,3700.918,3724.114,3750.537,3779.749,3811.183,3843.529,3875.19,3904.702,3930.783,3951.994,3968.226,3979.384,3985.49,3986.722,3983.979,3977.776,3968.874,3958.124,3946.486,Persons
 70-74,2724.8,2780.907,2819.575,2832.803,2704.689,2644.721,2624.872,2618.821,2644.893,2695.805,2755.92,2822.306,2904.214,2994.248,3088.305,3176.583,3268.282,3353.164,3410.221,3445.858,3457.861,3456.903,3435.143,3433.616,3411.612,3372.728,3307.99,3248.376,3162.894,3087.73,3048.052,3075.588,3138.782,3210.839,3287.511,3355.354,3378.203,3391.848,3406.72,3419.487,3448.853,3476.129,3496.208,3528.583,3553.08,3542.741,3538.319,3510.897,3473.544,3447.876,3424.768,3397.888,3368.185,3324.066,3267.39,3235.881,3225.633,3243.532,3300.271,3384.092,3479.045,3553.428,3628.42,3690.747,3755.243,3781.072,3798.447,3802.42,3798.035,3763.794,3728.975,3685.34,3646.116,3599.382,3563.047,3541.321,3538.568,3533.344,3531.024,3532.181,3535.324,3539.247,3544.749,3552.464,3563.086,3577.162,3594.553,3615.054,3638.813,3665.713,3695.334,3727.115,3759.78,3791.78,3821.681,3848.227,3870.016,3886.943,3898.923,3905.965,3908.236,Persons
 75-79,1863.126,1941.891,2017.263,2119.239,2323.157,2433.401,2483.435,2518.27,2529.84,2420.057,2370.48,2356.281,2353.938,2380.34,2429.024,2486.485,2549.527,2626.227,2710.706,2799.112,2882.516,2968.936,3048.96,3103.784,3139.298,3153.288,3155.824,3139.301,3141.602,3124.899,3092.16,3035.618,2983.624,2908.592,2842.974,2809.975,2839.119,2901.195,2970.815,3043.951,3108.658,3132.286,3148.061,3164.889,3179.548,3209.766,3237.661,3259.184,3292.233,3317.407,3310.16,3308.364,3285.182,3253.154,3231.913,3212.74,3190.172,3164.533,3125.481,3074.642,3047.564,3040.796,3060.385,3116.507,3197.778,3289.604,3361.867,3434.67,3495.801,3559.153,3585.856,3604.24,3610.013,3608.128,3578.095,3547.209,3507.699,3472.546,3430.479,3398.239,3379.767,3379.115,3376.156,3375.93,3378.966,3383.87,3389.505,3396.645,3405.893,3417.91,3433.218,3451.696,3473.148,3497.716,3525.299,3555.501,3587.777,3620.893,3653.357,3683.808,3711.03,Persons
 80-84,1403.756,1440.617,1459.057,1453.202,1471.37,1518.471,1586.029,1651.173,1735.871,1908.961,2002.958,2046.225,2075.23,2084.214,2000.145,1965.036,1958.483,1961.027,1987.45,2032.442,2085.488,2143.086,2211.567,2287.215,2366.599,2442.069,2519.961,2592.086,2642.878,2677.473,2693.698,2700.703,2691.274,2698.58,2689.091,2664.918,2620.041,2578.882,2518.951,2467.103,2443.601,2474.645,2534.515,2599.941,2667.217,2726.677,2750.969,2769.479,2788.812,2805.872,2836.947,2865.377,2888.685,2922.345,2948.169,2945.273,2947.115,2930.024,2905.795,2891.03,2877.553,2861.26,2841.548,2809.97,2767.823,2747.291,2745.621,2767.548,2822.435,2899.454,2986.131,3054.807,3123.911,3182.894,3244.167,3271.931,3291.594,3299.893,3301.644,3277.946,3252.976,3219.684,3190.684,3155.732,3129.722,3116.161,3118.603,3119.013,3121.901,3127.726,3135.22,3143.38,3152.922,3164.415,3178.469,3195.565,3215.601,3238.406,3264.113,3292.628,3323.601,Persons
 85-89,865.702,879.076,893.076,909.572,930.819,958.379,984.05,999.093,996.363,1012.62,1051.226,1104.424,1153.858,1214.218,1343.341,1413.18,1445.326,1465.305,1470.491,1418.935,1401.478,1403.579,1411.283,1436.264,1474.727,1519.953,1568.251,1623.685,1685.238,1750.15,1812.561,1876.597,1935.858,1979.242,2010.857,2028.657,2040.352,2039.444,2052.238,2051.48,2038.237,2008.902,1982.268,1942.865,1909.625,1898.544,1930.853,1985.858,2043.624,2100.991,2151.594,2175.692,2196.964,2218.739,2238.183,2269.314,2297.448,2322.247,2355.66,2381.504,2384.174,2390.596,2381.764,2368.326,2362.456,2356.744,2349.078,2337.584,2316.567,2286.925,2275.621,2280.911,2305.534,2357.625,2427.212,2505.051,2567.33,2629.899,2684.732,2741.933,2770.553,2791.476,2803.017,2809.767,2795.317,2778.964,2754.86,2734.962,2710.624,2693.843,2687.45,2694.239,2699.438,2706.724,2716.448,2727.538,2739.204,2752.074,2766.661,2783.491,2802.986,Persons
 90-94,382.076,391.092,400.65,410.424,419.048,425.286,431.526,441.373,452.792,466.438,482.745,497.542,506.79,506.06,517.505,542.573,575.386,604.177,636.628,712.044,751.89,769.749,779.76,781.959,761.619,759.372,767.116,777.062,796.726,824.019,855.931,889.319,926.045,967.214,1010.974,1053.644,1097.151,1137.433,1168.428,1192.895,1209.181,1222.799,1228.651,1244.07,1250.3,1247.565,1234.724,1223.588,1206.454,1193.086,1193.997,1223.671,1268.007,1312.131,1353.821,1390.53,1411.587,1433.026,1454.643,1474.111,1502.047,1526.933,1550.607,1580.49,1603.788,1611.43,1621.578,1621.476,1619.894,1623.447,1625.901,1627.492,1625.117,1616.445,1601.937,1601.107,1613.416,1639.089,1684.443,1740.945,1803.627,1854.39,1905.276,1951.684,2000.456,2027.939,2048.562,2062.719,2074.562,2071.446,2065.716,2053.261,2044.859,2034.24,2029.199,2031.554,2042.994,2053.529,2065.618,2079.426,2094.199,Persons
 95-99,105.859,110.321,109.929,110.442,111.288,112.198,114.068,117.405,120.862,123.888,126.088,128.582,132.755,137.473,142.781,148.725,153.986,157.451,157.379,162.53,173.034,185.995,196.551,207.589,236.567,251.012,257.111,260.297,261.255,258.088,261.003,266.984,273.214,283.089,295.856,310.728,325.959,342.095,360.508,380.296,399.826,419.637,437.979,452.745,465.284,474.677,483.729,489.539,500.258,506.46,508.15,505.626,504.144,501.491,500.382,505.772,524.748,550.098,573.65,594.531,612.975,625.643,640.311,654.906,668.042,685.827,701.331,717.125,736.284,751.1,758.401,767.14,771.1,775.925,783.289,788.999,794.799,797.522,797.534,794.912,800.223,813.602,833.365,863.389,897.759,935.611,966.33,997.183,1026.903,1058.598,1078.195,1092.946,1104.949,1117.225,1121.982,1124.008,1121.45,1122.517,1123.662,1127.81,1135.622,Persons
 100 & over,11.341,11.196,13.296,14.492,15.003,15.225,15.328,15.389,15.506,15.607,15.72,16.023,16.587,17.158,17.641,17.992,18.461,19.289,20.187,21.138,22.156,23.052,23.698,23.75,24.928,27.113,29.616,31.476,33.319,39.009,41.558,42.539,43.08,43.447,44.008,45.353,47.041,48.63,50.955,53.866,57.294,60.738,64.276,68.47,73.051,77.621,82.239,86.532,90.184,93.539,96.304,99.239,101.433,104.965,107.24,108.326,108.608,109.284,110.205,111.303,113.912,119.935,127.319,133.642,138.919,143.85,148.148,153.616,158.816,163.406,169.447,174.555,180.181,186.82,191.862,195.102,198.86,201.531,205.158,209.289,212.36,215.797,217.918,219.685,220.938,224.794,231.461,239.427,250.293,261.683,274.525,285.121,296.018,307.472,319.824,328.203,334.452,340.538,347.649,352.726,355.842,Persons
