Year,Age,Sex,Population
2022,0-4,male,1616586.0
2022,5-9,male,1791472.0
2022,10-14,male,1831728.0
2022,15-19,male,1681017.0
2022,20-24,male,1724069.0
2022,25-29,male,1900797.0
2022,30-34,male,1966797.0
2022,35-39,male,1874984.0
2022,40-44,male,1807515.0
2022,45-49,male,1711903.0
2022,50-54,male,1894173.0
2022,55-59,male,1899352.0
2022,60-64,male,1668149.0
2022,65-69,male,1392992.0
2022,70-74,male,1288895.0
2022,75-79,male,1087002.0
2022,80-84,male,653437.0
2022,85-89,male,382231.0
2022,90-94,male,149531.0
2022,95-99,male,32409.999999999996
2022,0-4,female,1539989.0
2022,5-9,female,1703291.0
2022,10-14,female,1744902.0
2022,15-19,female,1590329.0
2022,20-24,female,1624869.0
2022,25-29,female,1806336.0
2022,30-34,female,1931856.0
2022,35-39,female,1901747.0
2022,40-44,female,1840111.0
2022,45-49,female,1738246.0
2022,50-54,female,1945983.0
2022,55-59,female,1963994.0
2022,60-64,female,1734885.0
2022,65-69,female,1478659.0
2022,70-74,female,1415794.0
2022,75-79,female,1236155.0
2022,80-84,female,817933.0
2022,85-89,female,548588.0
2022,90-94,female,269517.0
2022,95-99,female,78878.0
2022,0-4,persons,3156575.0
2022,5-9,persons,3494763.0
2022,10-14,persons,3576630.0
2022,15-19,persons,3271346.0
2022,20-24,persons,3348938.0
2022,25-29,persons,3707133.0
2022,30-34,persons,3898653.0
2022,35-39,persons,3776731.0
2022,40-44,persons,3647626.0
2022,45-49,persons,3450149.0
2022,50-54,persons,3840156.0
2022,55-59,persons,3863346.0
2022,60-64,persons,3403034.0
2022,65-69,persons,2871651.0
2022,70-74,persons,2704689.0
2022,75-79,persons,2323157.0
2022,80-84,persons,1471370.0
2022,85-89,persons,930819.0
2022,90-94,persons,419048.0
2022,95-99,persons,111288.0
2023,0-4,male,1601888.0
2023,5-9,male,1769504.0
2023,10-14,male,1844843.0
2023,15-19,male,1734211.0
2023,20-24,male,1705836.0
2023,25-29,male,1888732.0
2023,30-34,male,1965640.0
2023,35-39,male,1891327.0
2023,40-44,male,1840546.0
2023,45-49,male,1686963.0
2023,50-54,male,1871162.0
2023,55-59,male,1902985.0
2023,60-64,male,1712477.0
2023,65-69,male,1423440.0
2023,70-74,male,1260928.0
2023,75-79,male,1139394.0
2023,80-84,male,676516.0
2023,85-89,male,396295.0
2023,90-94,male,153799.0
2023,95-99,male,33591.0
2023,0-4,female,1527314.0
2023,5-9,female,1682447.0
2023,10-14,female,1756562.0
2023,15-19,female,1641377.0
2023,20-24,female,1606048.0
2023,25-29,female,1789037.0
2023,30-34,female,1917667.0
2023,35-39,female,1913961.0
2023,40-44,female,1881596.0
2023,45-49,female,1711031.0
2023,50-54,female,1919211.0
2023,55-59,female,1969119.0
2023,60-64,female,1784538.0
2023,65-69,female,1510378.0
2023,70-74,female,1383793.0
2023,75-79,female,1294007.0
2023,80-84,female,841955.0
2023,85-89,female,562084.0
2023,90-94,female,271487.0
2023,95-99,female,78607.0
2023,0-4,persons,3129202.0
2023,5-9,persons,3451951.0
2023,10-14,persons,3601405.0
2023,15-19,persons,3375588.0
2023,20-24,persons,3311884.0
2023,25-29,persons,3677769.0
2023,30-34,persons,3883307.0
2023,35-39,persons,3805288.0
2023,40-44,persons,3722142.0
2023,45-49,persons,3397994.0
2023,50-54,persons,3790373.0
2023,55-59,persons,3872104.0
2023,60-64,persons,3497015.0
2023,65-69,persons,2933818.0
2023,70-74,persons,2644721.0
2023,75-79,persons,2433401.0
2023,80-84,persons,1518471.0
2023,85-89,persons,958379.0
2023,90-94,persons,425286.0
2023,95-99,persons,112198.0
2024,0-4,male,1598494.0
2024,5-9,male,1742118.0
2024,10-14,male,1853059.0
2024,15-19,male,1775111.0
2024,20-24,male,1698012.0
2024,25-29,male,1871775.0
2024,30-34,male,1966896.0
2024,35-39,male,1908246.0
2024,40-44,male,1848824.0
2024,45-49,male,1699526.0
2024,50-54,male,1833186.0
2024,55-59,male,1899139.0
2024,60-64,male,1758775.0
2024,65-69,male,1457716.0
2024,70-74,male,1250930.0
2024,75-79,male,1162410.0
2024,80-84,male,709937.0
2024,85-89,male,408958.0
2024,90-94,male,158304.0
2024,95-99,male,34771.0
2024,0-4,female,1523999.0
2024,5-9,female,1657250.0
2024,10-14,female,1763524.0
2024,15-19,female,1680429.0
2024,20-24,female,1598002.0
2024,25-29,female,1770860.0
2024,30-34,female,1906839.0
2024,35-39,female,1923464.0
2024,40-44,female,1894738.0
2024,45-49,female,1722865.0
2024,50-54,female,1877751.0
2024,55-59,female,1966311.0
2024,60-64,female,1835864.0
2024,65-69,female,1544809.0
2024,70-74,female,1373942.0
2024,75-79,female,1321025.0
2024,80-84,female,876092.0
2024,85-89,female,575092.0
2024,90-94,female,273222.0
2024,95-99,female,79297.0
2024,0-4,persons,3122493.0
2024,5-9,persons,3399368.0
2024,10-14,persons,3616583.0
2024,15-19,persons,3455540.0
2024,20-24,persons,3296014.0
2024,25-29,persons,3642635.0
2024,30-34,persons,3873735.0
2024,35-39,persons,3831710.0
2024,40-44,persons,3743562.0
2024,45-49,persons,3422391.0
2024,50-54,persons,3710937.0
2024,55-59,persons,3865450.0
2024,60-64,persons,3594639.0
2024,65-69,persons,3002525.0
2024,70-74,persons,2624872.0
2024,75-79,persons,2483435.0
2024,80-84,persons,1586029.0
2024,85-89,persons,984050.0
2024,90-94,persons,431526.0
2024,95-99,persons,114068.0
2025,0-4,male,1593288.0
2025,5-9,male,1716525.0
2025,10-14,male,1853741.0
2025,15-19,male,1815589.0
2025,20-24,male,1704488.0
2025,25-29,male,1853578.0
2025,30-34,male,1950422.0
2025,35-39,male,1922340.0
2025,40-44,male,1854833.0
2025,45-49,male,1730311.0
2025,50-54,male,1798135.0
2025,55-59,male,1884553.0
2025,60-64,male,1800791.0
2025,65-69,male,1499187.0
2025,70-74,male,1249553.0
2025,75-79,male,1177110.0
2025,80-84,male,741587.0
2025,85-89,male,416743.0
2025,90-94,male,164248.0
2025,95-99,male,36404.0
2025,0-4,female,1518989.0
2025,5-9,female,1634324.0
2025,10-14,female,1762498.0
2025,15-19,female,1719267.0
2025,20-24,female,1605430.0
2025,25-29,female,1750059.0
2025,30-34,female,1886473.0
2025,35-39,female,1926456.0
2025,40-44,female,1897972.0
2025,45-49,female,1757034.0
2025,50-54,female,1839264.0
2025,55-59,female,1950637.0
2025,60-64,female,1883888.0
2025,65-69,female,1588639.0
2025,70-74,female,1369268.0
2025,75-79,female,1341160.0
2025,80-84,female,909586.0
2025,85-89,female,582350.0
2025,90-94,female,277125.0
2025,95-99,female,81001.0
2025,0-4,persons,3112277.0
2025,5-9,persons,3350849.0
2025,10-14,persons,3616239.0
2025,15-19,persons,3534856.0
2025,20-24,persons,3309918.0
2025,25-29,persons,3603637.0
2025,30-34,persons,3836895.0
2025,35-39,persons,3848796.0
2025,40-44,persons,3752805.0
2025,45-49,persons,3487345.0
2025,50-54,persons,3637399.0
2025,55-59,persons,3835190.0
2025,60-64,persons,3684679.0
2025,65-69,persons,3087826.0
2025,70-74,persons,2618821.0
2025,75-79,persons,2518270.0
2025,80-84,persons,1651173.0
2025,85-89,persons,999093.0
2025,90-94,persons,441373.0
2025,95-99,persons,117405.0
2026,0-4,male,1589749.0
2026,5-9,male,1686725.0
2026,10-14,male,1848987.0
2026,15-19,male,1848640.0
2026,20-24,male,1735084.0
2026,25-29,male,1823509.0
2026,30-34,male,1930031.0
2026,35-39,male,1943218.0
2026,40-44,male,1861854.0
2026,45-49,male,1766366.0
2026,50-54,male,1748467.0
2026,55-59,male,1880817.0
2026,60-64,male,1827318.0
2026,65-69,male,1544104.0
2026,70-74,male,1263621.0
2026,75-79,male,1181462.0
2026,80-84,male,781906.0
2026,85-89,male,416545.0
2026,90-94,male,170345.0
2026,95-99,male,38189.0
2026,0-4,female,1515575.0
2026,5-9,female,1607018.0
2026,10-14,female,1757066.0
2026,15-19,female,1750871.0
2026,20-24,female,1632596.0
2026,25-29,female,1724532.0
2026,30-34,female,1857826.0
2026,35-39,female,1936548.0
2026,40-44,female,1901717.0
2026,45-49,female,1797242.0
2026,50-54,female,1784904.0
2026,55-59,female,1946484.0
2026,60-64,female,1916501.0
2026,65-69,female,1637368.0
2026,70-74,female,1381272.0
2026,75-79,female,1348378.0
2026,80-84,female,953965.0
2026,85-89,female,579818.0
2026,90-94,female,282447.0
2026,95-99,female,82673.0
2026,0-4,persons,3105324.0
2026,5-9,persons,3293743.0
2026,10-14,persons,3606053.0
2026,15-19,persons,3599511.0
2026,20-24,persons,3367680.0
2026,25-29,persons,3548041.0
2026,30-34,persons,3787857.0
2026,35-39,persons,3879766.0
2026,40-44,persons,3763571.0
2026,45-49,persons,3563608.0
2026,50-54,persons,3533371.0
2026,55-59,persons,3827301.0
2026,60-64,persons,3743819.0
2026,65-69,persons,3181472.0
2026,70-74,persons,2644893.0
2026,75-79,persons,2529840.0
2026,80-84,persons,1735871.0
2026,85-89,persons,996363.0
2026,90-94,persons,452792.0
2026,95-99,persons,120862.0
2027,0-4,male,1588201.0
2027,5-9,male,1663039.0
2027,10-14,male,1827173.0
2027,15-19,male,1881750.0
2027,20-24,male,1781076.0
2027,25-29,male,1788440.0
2027,30-34,male,1918577.0
2027,35-39,male,1961260.0
2027,40-44,male,1865017.0
2027,45-49,male,1803150.0
2027,50-54,male,1703541.0
2027,55-59,male,1866127.0
2027,60-64,male,1844703.0
2027,65-69,male,1591215.0
2027,70-74,male,1289208.0
2027,75-79,male,1129081.0
2027,80-84,male,863411.0
2027,85-89,male,424779.0
2027,90-94,male,177127.0
2027,95-99,male,39882.0
2027,0-4,female,1514064.0
2027,5-9,female,1585348.0
2027,10-14,female,1735159.0
2027,15-19,female,1784537.0
2027,20-24,female,1675505.0
2027,25-29,female,1689821.0
2027,30-34,female,1833721.0
2027,35-39,female,1941621.0
2027,40-44,female,1907320.0
2027,45-49,female,1843277.0
2027,50-54,female,1737669.0
2027,55-59,female,1930646.0
2027,60-64,female,1934413.0
2027,65-69,female,1687977.0
2027,70-74,female,1406597.0
2027,75-79,female,1290976.0
2027,80-84,female,1045550.0
2027,85-89,female,587841.0
2027,90-94,female,289311.0
2027,95-99,female,84006.0
2027,0-4,persons,3102265.0
2027,5-9,persons,3248387.0
2027,10-14,persons,3562332.0
2027,15-19,persons,3666287.0
2027,20-24,persons,3456581.0
2027,25-29,persons,3478261.0
2027,30-34,persons,3752298.0
2027,35-39,persons,3902881.0
2027,40-44,persons,3772337.0
2027,45-49,persons,3646427.0
2027,50-54,persons,3441210.0
2027,55-59,persons,3796773.0
2027,60-64,persons,3779116.0
2027,65-69,persons,3279192.0
2027,70-74,persons,2695805.0
2027,75-79,persons,2420057.0
2027,80-84,persons,1908961.0
2027,85-89,persons,1012620.0
2027,90-94,persons,466438.0
2027,95-99,persons,123888.0
2028,0-4,male,1587814.0
2028,5-9,male,1647574.0
2028,10-14,male,1804697.0
2028,15-19,male,1894287.0
2028,20-24,male,1832761.0
2028,25-29,male,1767891.0
2028,30-34,male,1905119.0
2028,35-39,male,1959332.0
2028,40-44,male,1880832.0
2028,45-49,male,1835450.0
2028,50-54,male,1678887.0
2028,55-59,male,1843763.0
2028,60-64,male,1848705.0
2028,65-69,male,1634175.0
2028,70-74,male,1318496.0
2028,75-79,male,1106958.0
2028,80-84,male,907046.0
2028,85-89,male,443056.0
2028,90-94,male,184827.0
2028,95-99,male,41288.0
2028,0-4,female,1513669.0
2028,5-9,female,1571915.0
2028,10-14,female,1713855.0
2028,15-19,female,1795697.0
2028,20-24,female,1725213.0
2028,25-29,female,1668765.0
2028,30-34,female,1815168.0
2028,35-39,female,1926757.0
2028,40-44,female,1919026.0
2028,45-49,female,1884178.0
2028,50-54,female,1710634.0
2028,55-59,female,1904314.0
2028,60-64,female,1939620.0
2028,65-69,female,1736416.0
2028,70-74,female,1437424.0
2028,75-79,female,1263522.0
2028,80-84,female,1095912.0
2028,85-89,female,608170.0
2028,90-94,female,297918.0
2028,95-99,female,84800.0
2028,0-4,persons,3101483.0
2028,5-9,persons,3219489.0
2028,10-14,persons,3518552.0
2028,15-19,persons,3689984.0
2028,20-24,persons,3557974.0
2028,25-29,persons,3436656.0
2028,30-34,persons,3720287.0
2028,35-39,persons,3886089.0
2028,40-44,persons,3799858.0
2028,45-49,persons,3719628.0
2028,50-54,persons,3389521.0
2028,55-59,persons,3748077.0
2028,60-64,persons,3788325.0
2028,65-69,persons,3370591.0
2028,70-74,persons,2755920.0
2028,75-79,persons,2370480.0
2028,80-84,persons,2002958.0
2028,85-89,persons,1051226.0
2028,90-94,persons,482745.0
2028,95-99,persons,126088.0
2029,0-4,male,1587881.0
2029,5-9,male,1643803.0
2029,10-14,male,1777079.0
2029,15-19,male,1902252.0
2029,20-24,male,1873016.0
2029,25-29,male,1758918.0
2029,30-34,male,1887508.0
2029,35-39,male,1960255.0
2029,40-44,male,1897467.0
2029,45-49,male,1843515.0
2029,50-54,male,1691405.0
2029,55-59,male,1806865.0
2029,60-64,male,1845633.0
2029,65-69,male,1679098.0
2029,70-74,male,1351390.0
2029,75-79,male,1100221.0
2029,80-84,male,926704.0
2029,85-89,male,468398.0
2029,90-94,male,191635.0
2029,95-99,male,42815.0
2029,0-4,female,1513707.0
2029,5-9,female,1568234.0
2029,10-14,female,1688445.0
2029,15-19,female,1802430.0
2029,20-24,female,1763691.0
2029,25-29,female,1659593.0
2029,30-34,female,1796383.0
2029,35-39,female,1915634.0
2029,40-44,female,1928278.0
2029,45-49,female,1897129.0
2029,50-54,female,1722453.0
2029,55-59,female,1863627.0
2029,60-64,female,1937236.0
2029,65-69,female,1786578.0
2029,70-74,female,1470916.0
2029,75-79,female,1256060.0
2029,80-84,female,1119521.0
2029,85-89,female,636026.0
2029,90-94,female,305907.0
2029,95-99,female,85767.0
2029,0-4,persons,3101588.0
2029,5-9,persons,3212037.0
2029,10-14,persons,3465524.0
2029,15-19,persons,3704682.0
2029,20-24,persons,3636707.0
2029,25-29,persons,3418511.0
2029,30-34,persons,3683891.0
2029,35-39,persons,3875889.0
2029,40-44,persons,3825745.0
2029,45-49,persons,3740644.0
2029,50-54,persons,3413858.0
2029,55-59,persons,3670492.0
2029,60-64,persons,3782869.0
2029,65-69,persons,3465676.0
2029,70-74,persons,2822306.0
2029,75-79,persons,2356281.0
2029,80-84,persons,2046225.0
2029,85-89,persons,1104424.0
2029,90-94,persons,497542.0
2029,95-99,persons,128582.0
2030,0-4,male,1588833.0
2030,5-9,male,1638631.0
2030,10-14,male,1751531.0
2030,15-19,male,1902957.0
2030,20-24,male,1913530.0
2030,25-29,male,1765414.0
2030,30-34,male,1869434.0
2030,35-39,male,1943967.0
2030,40-44,male,1911572.0
2030,45-49,male,1849610.0
2030,50-54,male,1722058.0
2030,55-59,male,1772952.0
2030,60-64,male,1832239.0
2030,65-69,male,1719997.0
2030,70-74,male,1390918.0
2030,75-79,male,1100766.0
2030,80-84,male,938751.0
2030,85-89,male,491537.0
2030,90-94,male,196097.0
2030,95-99,male,44926.0
2030,0-4,female,1514593.0
2030,5-9,female,1563242.0
2030,10-14,female,1665558.0
2030,15-19,female,1801429.0
2030,20-24,female,1802547.0
2030,25-29,female,1667020.0
2030,30-34,female,1775645.0
2030,35-39,female,1895377.0
2030,40-44,female,1931311.0
2030,45-49,female,1900444.0
2030,50-54,female,1756560.0
2030,55-59,female,1825972.0
2030,60-64,female,1922365.0
2030,65-69,female,1833638.0
2030,70-74,female,1513296.0
2030,75-79,female,1253172.0
2030,80-84,female,1136479.0
2030,85-89,female,662321.0
2030,90-94,female,310693.0
2030,95-99,female,87829.0
2030,0-4,persons,3103426.0
2030,5-9,persons,3201873.0
2030,10-14,persons,3417089.0
2030,15-19,persons,3704386.0
2030,20-24,persons,3716077.0
2030,25-29,persons,3432434.0
2030,30-34,persons,3645079.0
2030,35-39,persons,3839344.0
2030,40-44,persons,3842883.0
2030,45-49,persons,3750054.0
2030,50-54,persons,3478618.0
2030,55-59,persons,3598924.0
2030,60-64,persons,3754604.0
2030,65-69,persons,3553635.0
2030,70-74,persons,2904214.0
2030,75-79,persons,2353938.0
2030,80-84,persons,2075230.0
2030,85-89,persons,1153858.0
2030,90-94,persons,506790.0
2030,95-99,persons,132755.0
2031,0-4,male,1591026.0
2031,5-9,male,1635117.0
2031,10-14,male,1721776.0
2031,15-19,male,1898223.0
2031,20-24,male,1946614.0
2031,25-29,male,1796049.0
2031,30-34,male,1839508.0
2031,35-39,male,1923801.0
2031,40-44,male,1932424.0
2031,45-49,male,1856715.0
2031,50-54,male,1757867.0
2031,55-59,male,1724759.0
2031,60-64,male,1829417.0
2031,65-69,male,1746181.0
2031,70-74,male,1433822.0
2031,75-79,male,1114877.0
2031,80-84,male,942168.0
2031,85-89,male,519164.0
2031,90-94,male,196383.0
2031,95-99,male,47090.0
2031,0-4,female,1516665.0
2031,5-9,female,1559844.0
2031,10-14,female,1638285.0
2031,15-19,female,1796015.0
2031,20-24,female,1834175.0
2031,25-29,female,1694241.0
2031,30-34,female,1750177.0
2031,35-39,female,1866894.0
2031,40-44,female,1941413.0
2031,45-49,female,1904273.0
2031,50-54,female,1796606.0
2031,55-59,female,1772707.0
2031,60-64,female,1918829.0
2031,65-69,female,1865790.0
2031,70-74,female,1560426.0
2031,75-79,female,1265463.0
2031,80-84,female,1142046.0
2031,85-89,female,695054.0
2031,90-94,female,309677.0
2031,95-99,female,90383.0
2031,0-4,persons,3107691.0
2031,5-9,persons,3194961.0
2031,10-14,persons,3360061.0
2031,15-19,persons,3694238.0
2031,20-24,persons,3780789.0
2031,25-29,persons,3490290.0
2031,30-34,persons,3589685.0
2031,35-39,persons,3790695.0
2031,40-44,persons,3873837.0
2031,45-49,persons,3760988.0
2031,50-54,persons,3554473.0
2031,55-59,persons,3497466.0
2031,60-64,persons,3748246.0
2031,65-69,persons,3611971.0
2031,70-74,persons,2994248.0
2031,75-79,persons,2380340.0
2031,80-84,persons,2084214.0
2031,85-89,persons,1214218.0
2031,90-94,persons,506060.0
2031,95-99,persons,137473.0
2032,0-4,male,1594852.0
2032,5-9,male,1633584.0
2032,10-14,male,1698127.0
2032,15-19,male,1876468.0
2032,20-24,male,1979723.0
2032,25-29,male,1842105.0
2032,30-34,male,1804592.0
2032,35-39,male,1912539.0
2032,40-44,male,1950416.0
2032,45-49,male,1859975.0
2032,50-54,male,1794346.0
2032,55-59,male,1681218.0
2032,60-64,male,1815928.0
2032,65-69,male,1763730.0
2032,70-74,male,1478864.0
2032,75-79,male,1139082.0
2032,80-84,male,903844.0
2032,85-89,male,577552.0
2032,90-94,male,201786.0
2032,95-99,male,49430.0
2032,0-4,female,1520291.0
2032,5-9,female,1558352.0
2032,10-14,female,1616645.0
2032,15-19,female,1774169.0
2032,20-24,female,1867852.0
2032,25-29,female,1737241.0
2032,30-34,female,1715547.0
2032,35-39,female,1842961.0
2032,40-44,female,1946509.0
2032,45-49,female,1909954.0
2032,50-54,female,1842377.0
2032,55-59,female,1726461.0
2032,60-64,female,1903782.0
2032,65-69,female,1883739.0
2032,70-74,female,1609441.0
2032,75-79,female,1289942.0
2032,80-84,female,1096301.0
2032,85-89,female,765789.0
2032,90-94,female,315719.0
2032,95-99,female,93351.0
2032,0-4,persons,3115143.0
2032,5-9,persons,3191936.0
2032,10-14,persons,3314772.0
2032,15-19,persons,3650637.0
2032,20-24,persons,3847575.0
2032,25-29,persons,3579346.0
2032,30-34,persons,3520139.0
2032,35-39,persons,3755500.0
2032,40-44,persons,3896925.0
2032,45-49,persons,3769929.0
2032,50-54,persons,3636723.0
2032,55-59,persons,3407679.0
2032,60-64,persons,3719710.0
2032,65-69,persons,3647469.0
2032,70-74,persons,3088305.0
2032,75-79,persons,2429024.0
2032,80-84,persons,2000145.0
2032,85-89,persons,1343341.0
2032,90-94,persons,517505.0
2032,95-99,persons,142781.0
2033,0-4,male,1600626.0
2033,5-9,male,1633221.0
2033,10-14,male,1682681.0
2033,15-19,male,1854049.0
2033,20-24,male,1992301.0
2033,25-29,male,1893867.0
2033,30-34,male,1784163.0
2033,35-39,male,1899257.0
2033,40-44,male,1948597.0
2033,45-49,male,1875783.0
2033,50-54,male,1826387.0
2033,55-59,male,1657550.0
2033,60-64,male,1794891.0
2033,65-69,male,1768495.0
2033,70-74,male,1520127.0
2033,75-79,male,1166849.0
2033,80-84,male,889344.0
2033,85-89,male,608709.0
2033,90-94,male,212954.0
2033,95-99,male,51976.0
2033,0-4,female,1525778.0
2033,5-9,female,1557975.0
2033,10-14,female,1603231.0
2033,15-19,female,1752911.0
2033,20-24,female,1879064.0
2033,25-29,female,1787056.0
2033,30-34,female,1694557.0
2033,35-39,female,1824547.0
2033,40-44,female,1931758.0
2033,45-49,female,1921698.0
2033,50-54,female,1883036.0
2033,55-59,female,1700137.0
2033,60-64,female,1878415.0
2033,65-69,female,1889400.0
2033,70-74,female,1656456.0
2033,75-79,female,1319636.0
2033,80-84,female,1075692.0
2033,85-89,female,804471.0
2033,90-94,female,329619.0
2033,95-99,female,96749.0
2033,0-4,persons,3126404.0
2033,5-9,persons,3191196.0
2033,10-14,persons,3285912.0
2033,15-19,persons,3606960.0
2033,20-24,persons,3871365.0
2033,25-29,persons,3680923.0
2033,30-34,persons,3478720.0
2033,35-39,persons,3723804.0
2033,40-44,persons,3880355.0
2033,45-49,persons,3797481.0
2033,50-54,persons,3709423.0
2033,55-59,persons,3357687.0
2033,60-64,persons,3673306.0
2033,65-69,persons,3657895.0
2033,70-74,persons,3176583.0
2033,75-79,persons,2486485.0
2033,80-84,persons,1965036.0
2033,85-89,persons,1413180.0
2033,90-94,persons,542573.0
2033,95-99,persons,148725.0
2034,0-4,male,1608260.0
2034,5-9,male,1633304.0
2034,10-14,male,1678927.0
2034,15-19,male,1826486.0
2034,20-24,male,2000311.0
2034,25-29,male,1934221.0
2034,30-34,male,1775295.0
2034,35-39,male,1881828.0
2034,40-44,male,1949632.0
2034,45-49,male,1892379.0
2034,50-54,male,1834550.0
2034,55-59,male,1670347.0
2034,60-64,male,1759711.0
2034,65-69,male,1766586.0
2034,70-74,male,1563180.0
2034,75-79,male,1197736.0
2034,80-84,male,886724.0
2034,85-89,male,622896.0
2034,90-94,male,227672.0
2034,95-99,male,54186.0
2034,0-4,female,1533044.0
2034,5-9,female,1558027.0
2034,10-14,female,1599567.0
2034,15-19,female,1727546.0
2034,20-24,female,1885854.0
2034,25-29,female,1825654.0
2034,30-34,female,1685462.0
2034,35-39,female,1805889.0
2034,40-44,female,1920747.0
2034,45-49,female,1930993.0
2034,50-54,female,1896012.0
2034,55-59,female,1712169.0
2034,60-64,female,1838974.0
2034,65-69,female,1887766.0
2034,70-74,female,1705102.0
2034,75-79,female,1351791.0
2034,80-84,female,1071759.0
2034,85-89,female,822430.0
2034,90-94,female,347714.0
2034,95-99,female,99800.0
2034,0-4,persons,3141304.0
2034,5-9,persons,3191331.0
2034,10-14,persons,3278494.0
2034,15-19,persons,3554032.0
2034,20-24,persons,3886165.0
2034,25-29,persons,3759875.0
2034,30-34,persons,3460757.0
2034,35-39,persons,3687717.0
2034,40-44,persons,3870379.0
2034,45-49,persons,3823372.0
2034,50-54,persons,3730562.0
2034,55-59,persons,3382516.0
2034,60-64,persons,3598685.0
2034,65-69,persons,3654352.0
2034,70-74,persons,3268282.0
2034,75-79,persons,2549527.0
2034,80-84,persons,1958483.0
2034,85-89,persons,1445326.0
2034,90-94,persons,575386.0
2034,95-99,persons,153986.0
2035,0-4,male,1617642.0
2035,5-9,male,1634276.0
2035,10-14,male,1673763.0
2035,15-19,male,1800984.0
2035,20-24,male,2001089.0
2035,25-29,male,1974808.0
2035,30-34,male,1781866.0
2035,35-39,male,1863925.0
2035,40-44,male,1933563.0
2035,45-49,male,1906512.0
2035,50-54,male,1840833.0
2035,55-59,male,1700919.0
2035,60-64,male,1727407.0
2035,65-69,male,1754810.0
2035,70-74,male,1602429.0
2035,75-79,male,1234322.0
2035,80-84,male,889577.0
2035,85-89,male,630911.0
2035,90-94,male,240406.0
2035,95-99,male,55711.0
2035,0-4,female,1541971.0
2035,5-9,female,1558931.0
2035,10-14,female,1594580.0
2035,15-19,female,1704703.0
2035,20-24,female,1884925.0
2035,25-29,female,1864601.0
2035,30-34,female,1692939.0
2035,35-39,female,1785278.0
2035,40-44,female,1900647.0
2035,45-49,female,1934112.0
2035,50-54,female,1899479.0
2035,55-59,female,1746189.0
2035,60-64,female,1802497.0
2035,65-69,female,1874025.0
2035,70-74,female,1750735.0
2035,75-79,female,1391905.0
2035,80-84,female,1071450.0
2035,85-89,female,834394.0
2035,90-94,female,363771.0
2035,95-99,female,101740.0
2035,0-4,persons,3159613.0
2035,5-9,persons,3193207.0
2035,10-14,persons,3268343.0
2035,15-19,persons,3505687.0
2035,20-24,persons,3886014.0
2035,25-29,persons,3839409.0
2035,30-34,persons,3474805.0
2035,35-39,persons,3649203.0
2035,40-44,persons,3834210.0
2035,45-49,persons,3840624.0
2035,50-54,persons,3740312.0
2035,55-59,persons,3447108.0
2035,60-64,persons,3529904.0
2035,65-69,persons,3628835.0
2035,70-74,persons,3353164.0
2035,75-79,persons,2626227.0
2035,80-84,persons,1961027.0
2035,85-89,persons,1465305.0
2035,90-94,persons,604177.0
2035,95-99,persons,157451.0
2036,0-4,male,1628854.0
2036,5-9,male,1636486.0
2036,10-14,male,1670261.0
2036,15-19,male,1771287.0
2036,20-24,male,1996473.0
2036,25-29,male,2007952.0
2036,30-34,male,1812520.0
2036,35-39,male,1834222.0
2036,40-44,male,1913673.0
2036,45-49,male,1927332.0
2036,50-54,male,1848104.0
2036,55-59,male,1736474.0
2036,60-64,male,1681332.0
2036,65-69,male,1753190.0
2036,70-74,male,1628029.0
2036,75-79,male,1274154.0
2036,80-84,male,903410.0
2036,85-89,male,632951.0
2036,90-94,male,254493.0
2036,95-99,male,55879.0
2036,0-4,female,1552643.0
2036,5-9,female,1561019.0
2036,10-14,female,1591194.0
2036,15-19,female,1677474.0
2036,20-24,female,1879606.0
2036,25-29,female,1896300.0
2036,30-34,female,1720174.0
2036,35-39,female,1759943.0
2036,40-44,female,1872381.0
2036,45-49,female,1944262.0
2036,50-54,female,1903458.0
2036,55-59,female,1786015.0
2036,60-64,female,1750789.0
2036,65-69,female,1871335.0
2036,70-74,female,1782192.0
2036,75-79,female,1436552.0
2036,80-84,female,1084040.0
2036,85-89,female,837540.0
2036,90-94,female,382135.0
2036,95-99,female,101500.0
2036,0-4,persons,3181497.0
2036,5-9,persons,3197505.0
2036,10-14,persons,3261455.0
2036,15-19,persons,3448761.0
2036,20-24,persons,3876079.0
2036,25-29,persons,3904252.0
2036,30-34,persons,3532694.0
2036,35-39,persons,3594165.0
2036,40-44,persons,3786054.0
2036,45-49,persons,3871594.0
2036,50-54,persons,3751562.0
2036,55-59,persons,3522489.0
2036,60-64,persons,3432121.0
2036,65-69,persons,3624525.0
2036,70-74,persons,3410221.0
2036,75-79,persons,2710706.0
2036,80-84,persons,1987450.0
2036,85-89,persons,1470491.0
2036,90-94,persons,636628.0
2036,95-99,persons,157379.0
2037,0-4,male,1641828.0
2037,5-9,male,1640322.0
2037,10-14,male,1668741.0
2037,15-19,male,1747685.0
2037,20-24,male,1974835.0
2037,25-29,male,2041114.0
2037,30-34,male,1858547.0
2037,35-39,male,1799553.0
2037,40-44,male,1902637.0
2037,45-49,male,1945282.0
2037,50-54,male,1851552.0
2037,55-59,male,1772591.0
2037,60-64,male,1639762.0
2037,65-69,male,1741343.0
2037,70-74,male,1645692.0
2037,75-79,male,1316033.0
2037,80-84,male,925361.0
2037,85-89,male,611056.0
2037,90-94,male,286669.0
2037,95-99,male,58082.0
2037,0-4,female,1564988.0
2037,5-9,female,1564665.0
2037,10-14,female,1589715.0
2037,15-19,female,1655871.0
2037,20-24,female,1857832.0
2037,25-29,female,1930042.0
2037,30-34,female,1763140.0
2037,35-39,female,1725475.0
2037,40-44,female,1848657.0
2037,45-49,female,1949419.0
2037,50-54,female,1909271.0
2037,55-59,female,1831412.0
2037,60-64,female,1705944.0
2037,65-69,female,1857399.0
2037,70-74,female,1800166.0
2037,75-79,female,1483079.0
2037,80-84,female,1107081.0
2037,85-89,female,807879.0
2037,90-94,female,425375.0
2037,95-99,female,104448.0
2037,0-4,persons,3206816.0
2037,5-9,persons,3204987.0
2037,10-14,persons,3258456.0
2037,15-19,persons,3403556.0
2037,20-24,persons,3832667.0
2037,25-29,persons,3971156.0
2037,30-34,persons,3621687.0
2037,35-39,persons,3525028.0
2037,40-44,persons,3751294.0
2037,45-49,persons,3894701.0
2037,50-54,persons,3760823.0
2037,55-59,persons,3604003.0
2037,60-64,persons,3345706.0
2037,65-69,persons,3598742.0
2037,70-74,persons,3445858.0
2037,75-79,persons,2799112.0
2037,80-84,persons,2032442.0
2037,85-89,persons,1418935.0
2037,90-94,persons,712044.0
2037,95-99,persons,162530.0
2038,0-4,male,1656324.0
2038,5-9,male,1646107.0
2038,10-14,male,1668389.0
2038,15-19,male,1732279.0
2038,20-24,male,1952529.0
2038,25-29,male,2053749.0
2038,30-34,male,1910251.0
2038,35-39,male,1779324.0
2038,40-44,male,1889575.0
2038,45-49,male,1943622.0
2038,50-54,male,1867408.0
2038,55-59,male,1804319.0
2038,60-64,male,1617494.0
2038,65-69,male,1722133.0
2038,70-74,male,1651408.0
2038,75-79,male,1354653.0
2038,80-84,male,950610.0
2038,85-89,male,605010.0
2038,90-94,male,303431.0
2038,95-99,male,62376.0
2038,0-4,female,1578787.0
2038,5-9,female,1570165.0
2038,10-14,female,1589341.0
2038,15-19,female,1642492.0
2038,20-24,female,1836654.0
2038,25-29,female,1941269.0
2038,30-34,female,1812915.0
2038,35-39,female,1704615.0
2038,40-44,female,1830421.0
2038,45-49,female,1934845.0
2038,50-54,female,1921098.0
2038,55-59,female,1871727.0
2038,60-64,female,1680621.0
2038,65-69,female,1833377.0
2038,70-74,female,1806453.0
2038,75-79,female,1527863.0
2038,80-84,female,1134878.0
2038,85-89,female,796468.0
2038,90-94,female,448459.0
2038,95-99,female,110658.0
2038,0-4,persons,3235111.0
2038,5-9,persons,3216272.0
2038,10-14,persons,3257730.0
2038,15-19,persons,3374771.0
2038,20-24,persons,3789183.0
2038,25-29,persons,3995018.0
2038,30-34,persons,3723166.0
2038,35-39,persons,3483939.0
2038,40-44,persons,3719996.0
2038,45-49,persons,3878467.0
2038,50-54,persons,3788506.0
2038,55-59,persons,3676046.0
2038,60-64,persons,3298115.0
2038,65-69,persons,3555510.0
2038,70-74,persons,3457861.0
2038,75-79,persons,2882516.0
2038,80-84,persons,2085488.0
2038,85-89,persons,1401478.0
2038,90-94,persons,751890.0
2038,95-99,persons,173034.0
2039,0-4,male,1672025.0
2039,5-9,male,1653752.0
2039,10-14,male,1668482.0
2039,15-19,male,1728554.0
2039,20-24,male,1925091.0
2039,25-29,male,2061783.0
2039,30-34,male,1950574.0
2039,35-39,male,1770611.0
2039,40-44,male,1872385.0
2039,45-49,male,1944821.0
2039,50-54,male,1884023.0
2039,55-59,male,1812656.0
2039,60-64,male,1630680.0
2039,65-69,male,1689351.0
2039,70-74,male,1651016.0
2039,75-79,male,1394813.0
2039,80-84,male,978284.0
2039,85-89,male,606576.0
2039,90-94,male,310968.0
2039,95-99,male,67729.0
2039,0-4,female,1593738.0
2039,5-9,female,1577440.0
2039,10-14,female,1589401.0
2039,15-19,female,1638847.0
2039,20-24,female,1811384.0
2039,25-29,female,1948042.0
2039,30-34,female,1851468.0
2039,35-39,female,1695620.0
2039,40-44,female,1811931.0
2039,45-49,female,1924004.0
2039,50-54,female,1930467.0
2039,55-59,female,1884748.0
2039,60-64,female,1692937.0
2039,65-69,female,1795690.0
2039,70-74,female,1805887.0
2039,75-79,female,1574123.0
2039,80-84,female,1164802.0
2039,85-89,female,797003.0
2039,90-94,female,458781.0
2039,95-99,female,118266.0
2039,0-4,persons,3265763.0
2039,5-9,persons,3231192.0
2039,10-14,persons,3257883.0
2039,15-19,persons,3367401.0
2039,20-24,persons,3736475.0
2039,25-29,persons,4009825.0
2039,30-34,persons,3802042.0
2039,35-39,persons,3466231.0
2039,40-44,persons,3684316.0
2039,45-49,persons,3868825.0
2039,50-54,persons,3814490.0
2039,55-59,persons,3697404.0
2039,60-64,persons,3323617.0
2039,65-69,persons,3485041.0
2039,70-74,persons,3456903.0
2039,75-79,persons,2968936.0
2039,80-84,persons,2143086.0
2039,85-89,persons,1403579.0
2039,90-94,persons,769749.0
2039,95-99,persons,185995.0
2040,0-4,male,1688233.0
2040,5-9,male,1663140.0
2040,10-14,male,1669466.0
2040,15-19,male,1723396.0
2040,20-24,male,1899728.0
2040,25-29,male,2062573.0
2040,30-34,male,1991117.0
2040,35-39,male,1777269.0
2040,40-44,male,1854711.0
2040,45-49,male,1929068.0
2040,50-54,male,1898232.0
2040,55-59,male,1819236.0
2040,60-64,male,1661117.0
2040,65-69,male,1659267.0
2040,70-74,male,1641381.0
2040,75-79,male,1431463.0
2040,80-84,male,1010326.0
2040,85-89,male,611447.0
2040,90-94,male,314805.0
2040,95-99,male,72042.0
2040,0-4,female,1609173.0
2040,5-9,female,1586370.0
2040,10-14,female,1590316.0
2040,15-19,female,1633863.0
2040,20-24,female,1788633.0
2040,25-29,female,1947071.0
2040,30-34,female,1890358.0
2040,35-39,female,1703139.0
2040,40-44,female,1791483.0
2040,45-49,female,1904130.0
2040,50-54,female,1933718.0
2040,55-59,female,1888435.0
2040,60-64,female,1726820.0
2040,65-69,female,1760844.0
2040,70-74,female,1793762.0
2040,75-79,female,1617497.0
2040,80-84,female,1201241.0
2040,85-89,female,799836.0
2040,90-94,female,464955.0
2040,95-99,female,124509.0
2040,0-4,persons,3297406.0
2040,5-9,persons,3249510.0
2040,10-14,persons,3259782.0
2040,15-19,persons,3357259.0
2040,20-24,persons,3688361.0
2040,25-29,persons,4009644.0
2040,30-34,persons,3881475.0
2040,35-39,persons,3480408.0
2040,40-44,persons,3646194.0
2040,45-49,persons,3833198.0
2040,50-54,persons,3831950.0
2040,55-59,persons,3707671.0
2040,60-64,persons,3387937.0
2040,65-69,persons,3420111.0
2040,70-74,persons,3435143.0
2040,75-79,persons,3048960.0
2040,80-84,persons,2211567.0
2040,85-89,persons,1411283.0
2040,90-94,persons,779760.0
2040,95-99,persons,196551.0
2041,0-4,male,1704085.0
2041,5-9,male,1674357.0
2041,10-14,male,1671679.0
2041,15-19,male,1719908.0
2041,20-24,male,1870118.0
2041,25-29,male,2057954.0
2041,30-34,male,2024245.0
2041,35-39,male,1807901.0
2041,40-44,male,1825316.0
2041,45-49,male,1909568.0
2041,50-54,male,1919056.0
2041,55-59,male,1826777.0
2041,60-64,male,1696274.0
2041,65-69,male,1616131.0
2041,70-74,male,1641329.0
2041,75-79,male,1455980.0
2041,80-84,male,1045378.0
2041,85-89,male,623996.0
2041,90-94,male,315811.0
2041,95-99,male,76505.0
2041,0-4,female,1624267.0
2041,5-9,female,1597038.0
2041,10-14,female,1592418.0
2041,15-19,female,1630486.0
2041,20-24,female,1761434.0
2041,25-29,female,1941698.0
2041,30-34,female,1922020.0
2041,35-39,female,1730358.0
2041,40-44,female,1766336.0
2041,45-49,female,1876152.0
2041,50-54,female,1943955.0
2041,55-59,female,1892631.0
2041,60-64,female,1766309.0
2041,65-69,female,1711317.0
2041,70-74,female,1792287.0
2041,75-79,female,1647804.0
2041,80-84,female,1241837.0
2041,85-89,female,812268.0
2041,90-94,female,466148.0
2041,95-99,female,131084.0
2041,0-4,persons,3328352.0
2041,5-9,persons,3271395.0
2041,10-14,persons,3264097.0
2041,15-19,persons,3350394.0
2041,20-24,persons,3631552.0
2041,25-29,persons,3999652.0
2041,30-34,persons,3946265.0
2041,35-39,persons,3538259.0
2041,40-44,persons,3591652.0
2041,45-49,persons,3785720.0
2041,50-54,persons,3863011.0
2041,55-59,persons,3719408.0
2041,60-64,persons,3462583.0
2041,65-69,persons,3327448.0
2041,70-74,persons,3433616.0
2041,75-79,persons,3103784.0
2041,80-84,persons,2287215.0
2041,85-89,persons,1436264.0
2041,90-94,persons,781959.0
2041,95-99,persons,207589.0
2042,0-4,male,1718786.0
2042,5-9,male,1687331.0
2042,10-14,male,1675525.0
2042,15-19,male,1718400.0
2042,20-24,male,1846562.0
2042,25-29,male,2036338.0
2042,30-34,male,2057384.0
2042,35-39,male,1853830.0
2042,40-44,male,1791000.0
2042,45-49,male,1898838.0
2042,50-54,male,1936995.0
2042,55-59,male,1830505.0
2042,60-64,male,1731842.0
2042,65-69,male,1577310.0
2042,70-74,male,1631669.0
2042,75-79,male,1473573.0
2042,80-84,male,1082308.0
2042,85-89,male,642131.0
2042,90-94,male,308054.0
2042,95-99,male,87951.0
2042,0-4,female,1638267.0
2042,5-9,female,1609383.0
2042,10-14,female,1596072.0
2042,15-19,female,1629016.0
2042,20-24,female,1739819.0
2042,25-29,female,1919874.0
2042,30-34,female,1955724.0
2042,35-39,female,1773253.0
2042,40-44,female,1732083.0
2042,45-49,female,1852704.0
2042,50-54,female,1949219.0
2042,55-59,female,1898637.0
2042,60-64,female,1811165.0
2042,65-69,female,1668412.0
2042,70-74,female,1779943.0
2042,75-79,female,1665725.0
2042,80-84,female,1284291.0
2042,85-89,female,832596.0
2042,90-94,female,453565.0
2042,95-99,female,148616.0
2042,0-4,persons,3357053.0
2042,5-9,persons,3296714.0
2042,10-14,persons,3271597.0
2042,15-19,persons,3347416.0
2042,20-24,persons,3586381.0
2042,25-29,persons,3956212.0
2042,30-34,persons,4013108.0
2042,35-39,persons,3627083.0
2042,40-44,persons,3523083.0
2042,45-49,persons,3751542.0
2042,50-54,persons,3886214.0
2042,55-59,persons,3729142.0
2042,60-64,persons,3543007.0
2042,65-69,persons,3245722.0
2042,70-74,persons,3411612.0
2042,75-79,persons,3139298.0
2042,80-84,persons,2366599.0
2042,85-89,persons,1474727.0
2042,90-94,persons,761619.0
2042,95-99,persons,236567.0
2043,0-4,male,1731619.0
2043,5-9,male,1701833.0
2043,10-14,male,1681315.0
2043,15-19,male,1718056.0
2043,20-24,male,1831173.0
2043,25-29,male,2014042.0
2043,30-34,male,2070026.0
2043,35-39,male,1905403.0
2043,40-44,male,1771048.0
2043,45-49,male,1886077.0
2043,50-54,male,1935577.0
2043,55-59,male,1846457.0
2043,60-64,male,1763099.0
2043,65-69,male,1556959.0
2043,70-74,male,1614887.0
2043,75-79,male,1480413.0
2043,80-84,male,1116688.0
2043,85-89,male,663049.0
2043,90-94,male,308250.0
2043,95-99,male,93548.0
2043,0-4,female,1650487.0
2043,5-9,female,1623183.0
2043,10-14,female,1601576.0
2043,15-19,female,1628652.0
2043,20-24,female,1726419.0
2043,25-29,female,1898635.0
2043,30-34,female,1966945.0
2043,35-39,female,1822925.0
2043,40-44,female,1711403.0
2043,45-49,female,1834697.0
2043,50-54,female,1934899.0
2043,55-59,female,1910591.0
2043,60-64,female,1850993.0
2043,65-69,female,1644474.0
2043,70-74,female,1757841.0
2043,75-79,female,1672875.0
2043,80-84,female,1325381.0
2043,85-89,female,856904.0
2043,90-94,female,451122.0
2043,95-99,female,157464.0
2043,0-4,persons,3382106.0
2043,5-9,persons,3325016.0
2043,10-14,persons,3282891.0
2043,15-19,persons,3346708.0
2043,20-24,persons,3557592.0
2043,25-29,persons,3912677.0
2043,30-34,persons,4036971.0
2043,35-39,persons,3728328.0
2043,40-44,persons,3482451.0
2043,45-49,persons,3720774.0
2043,50-54,persons,3870476.0
2043,55-59,persons,3757048.0
2043,60-64,persons,3614092.0
2043,65-69,persons,3201433.0
2043,70-74,persons,3372728.0
2043,75-79,persons,3153288.0
2043,80-84,persons,2442069.0
2043,85-89,persons,1519953.0
2043,90-94,persons,759372.0
2043,95-99,persons,251012.0
2044,0-4,male,1741834.0
2044,5-9,male,1717536.0
2044,10-14,male,1688966.0
2044,15-19,male,1718158.0
2044,20-24,male,1827438.0
2044,25-29,male,1986602.0
2044,30-34,male,2078075.0
2044,35-39,male,1945619.0
2044,40-44,male,1762554.0
2044,45-49,male,1869226.0
2044,50-54,male,1937004.0
2044,55-59,male,1863114.0
2044,60-64,male,1771691.0
2044,65-69,male,1570627.0
2044,70-74,male,1585336.0
2044,75-79,male,1481970.0
2044,80-84,male,1152271.0
2044,85-89,male,685455.0
2044,90-94,male,311990.0
2044,95-99,male,95953.0
2044,0-4,female,1660206.0
2044,5-9,female,1638132.0
2044,10-14,female,1608856.0
2044,15-19,female,1628720.0
2044,20-24,female,1722741.0
2044,25-29,female,1873293.0
2044,30-34,female,1973722.0
2044,35-39,female,1861385.0
2044,40-44,female,1702544.0
2044,45-49,female,1816433.0
2044,50-54,female,1924303.0
2044,55-59,female,1920070.0
2044,60-64,female,1864085.0
2044,65-69,female,1657172.0
2044,70-74,female,1722654.0
2044,75-79,female,1673854.0
2044,80-84,female,1367690.0
2044,85-89,female,882796.0
2044,90-94,female,455126.0
2044,95-99,female,161158.0
2044,0-4,persons,3402040.0
2044,5-9,persons,3355668.0
2044,10-14,persons,3297822.0
2044,15-19,persons,3346878.0
2044,20-24,persons,3550179.0
2044,25-29,persons,3859895.0
2044,30-34,persons,4051797.0
2044,35-39,persons,3807004.0
2044,40-44,persons,3465098.0
2044,45-49,persons,3685659.0
2044,50-54,persons,3861307.0
2044,55-59,persons,3783184.0
2044,60-64,persons,3635776.0
2044,65-69,persons,3227799.0
2044,70-74,persons,3307990.0
2044,75-79,persons,3155824.0
2044,80-84,persons,2519961.0
2044,85-89,persons,1568251.0
2044,90-94,persons,767116.0
2044,95-99,persons,257111.0
2045,0-4,male,1749354.0
2045,5-9,male,1733737.0
2045,10-14,male,1698361.0
2045,15-19,male,1719153.0
2045,20-24,male,1822287.0
2045,25-29,male,1961212.0
2045,30-34,male,2078892.0
2045,35-39,male,1986069.0
2045,40-44,male,1769323.0
2045,45-49,male,1851883.0
2045,50-54,male,1921680.0
2045,55-59,male,1877453.0
2045,60-64,male,1778709.0
2045,65-69,male,1600812.0
2045,70-74,male,1558248.0
2045,75-79,male,1475185.0
2045,80-84,male,1184778.0
2045,85-89,male,710571.0
2045,90-94,male,317077.0
2045,95-99,male,97094.0
2045,0-4,female,1667364.0
2045,5-9,female,1653560.0
2045,10-14,female,1617790.0
2045,15-19,female,1629646.0
2045,20-24,female,1717752.0
2045,25-29,female,1850461.0
2045,30-34,female,1972771.0
2045,35-39,female,1900190.0
2045,40-44,female,1710125.0
2045,45-49,female,1796206.0
2045,50-54,female,1904733.0
2045,55-59,female,1923513.0
2045,60-64,female,1868104.0
2045,65-69,female,1690849.0
2045,70-74,female,1690128.0
2045,75-79,female,1664116.0
2045,80-84,female,1407308.0
2045,85-89,female,913114.0
2045,90-94,female,459985.0
2045,95-99,female,163203.0
2045,0-4,persons,3416718.0
2045,5-9,persons,3387297.0
2045,10-14,persons,3316151.0
2045,15-19,persons,3348799.0
2045,20-24,persons,3540039.0
2045,25-29,persons,3811673.0
2045,30-34,persons,4051663.0
2045,35-39,persons,3886259.0
2045,40-44,persons,3479448.0
2045,45-49,persons,3648089.0
2045,50-54,persons,3826413.0
2045,55-59,persons,3800966.0
2045,60-64,persons,3646813.0
2045,65-69,persons,3291661.0
2045,70-74,persons,3248376.0
2045,75-79,persons,3139301.0
2045,80-84,persons,2592086.0
2045,85-89,persons,1623685.0
2045,90-94,persons,777062.0
2045,95-99,persons,260297.00000000003
2046,0-4,male,1754141.0
2046,5-9,male,1749584.0
2046,10-14,male,1709578.0
2046,15-19,male,1721377.0
2046,20-24,male,1818809.0
2046,25-29,male,1931595.0
2046,30-34,male,2074320.0
2046,35-39,male,2019130.0
2046,40-44,male,1799923.0
2046,45-49,male,1822928.0
2046,50-54,male,1902686.0
2046,55-59,male,1898301.0
2046,60-64,male,1786640.0
2046,65-69,male,1635378.0
2046,70-74,male,1519145.0
2046,75-79,male,1477173.0
2046,80-84,male,1207305.0
2046,85-89,male,738286.0
2046,90-94,male,326316.0
2046,95-99,male,97584.0
2046,0-4,female,1671917.0
2046,5-9,female,1668649.0
2046,10-14,female,1628457.0
2046,15-19,female,1631760.0
2046,20-24,female,1714363.0
2046,25-29,female,1823218.0
2046,30-34,female,1967433.0
2046,35-39,female,1931796.0
2046,40-44,female,1737329.0
2046,45-49,female,1771305.0
2046,50-54,female,1877149.0
2046,55-59,female,1933880.0
2046,60-64,female,1872625.0
2046,65-69,female,1729877.0
2046,70-74,female,1643749.0
2046,75-79,female,1664429.0
2046,80-84,female,1435573.0
2046,85-89,female,946952.0
2046,90-94,female,470410.0
2046,95-99,female,163671.0
2046,0-4,persons,3426058.0
2046,5-9,persons,3418233.0
2046,10-14,persons,3338035.0
2046,15-19,persons,3353137.0
2046,20-24,persons,3533172.0
2046,25-29,persons,3754813.0
2046,30-34,persons,4041753.0
2046,35-39,persons,3950926.0
2046,40-44,persons,3537252.0
2046,45-49,persons,3594233.0
2046,50-54,persons,3779835.0
2046,55-59,persons,3832181.0
2046,60-64,persons,3659265.0
2046,65-69,persons,3365255.0
2046,70-74,persons,3162894.0
2046,75-79,persons,3141602.0
2046,80-84,persons,2642878.0
2046,85-89,persons,1685238.0
2046,90-94,persons,796726.0
2046,95-99,persons,261255.0
2047,0-4,male,1756192.0
2047,5-9,male,1764279.0
2047,10-14,male,1722553.0
2047,15-19,male,1725231.0
2047,20-24,male,1817303.0
2047,25-29,male,1908050.0
2047,30-34,male,2052786.0
2047,35-39,male,2052213.0
2047,40-44,male,1845703.0
2047,45-49,male,1789101.0
2047,50-54,male,1892358.0
2047,55-59,male,1916227.0
2047,60-64,male,1790771.0
2047,65-69,male,1670164.0
2047,70-74,male,1484076.0
2047,75-79,male,1470459.0
2047,80-84,male,1224331.0
2047,85-89,male,767591.0
2047,90-94,male,338493.0
2047,95-99,male,96652.0
2047,0-4,female,1673859.0
2047,5-9,female,1682641.0
2047,10-14,female,1640803.0
2047,15-19,female,1635419.0
2047,20-24,female,1712885.0
2047,25-29,female,1801583.0
2047,30-34,female,1945677.0
2047,35-39,female,1965449.0
2047,40-44,female,1780134.0
2047,45-49,female,1737340.0
2047,50-54,female,1854072.0
2047,55-59,female,1939307.0
2047,60-64,female,1878912.0
2047,65-69,female,1773986.0
2047,70-74,female,1603654.0
2047,75-79,female,1654440.0
2047,80-84,female,1453142.0
2047,85-89,female,982559.0
2047,90-94,female,485526.0
2047,95-99,female,161436.0
2047,0-4,persons,3430051.0
2047,5-9,persons,3446920.0
2047,10-14,persons,3363356.0
2047,15-19,persons,3360650.0
2047,20-24,persons,3530188.0
2047,25-29,persons,3709633.0
2047,30-34,persons,3998463.0
2047,35-39,persons,4017662.0
2047,40-44,persons,3625837.0
2047,45-49,persons,3526441.0
2047,50-54,persons,3746430.0
2047,55-59,persons,3855534.0
2047,60-64,persons,3669683.0
2047,65-69,persons,3444150.0
2047,70-74,persons,3087730.0
2047,75-79,persons,3124899.0
2047,80-84,persons,2677473.0
2047,85-89,persons,1750150.0
2047,90-94,persons,824019.0
2047,95-99,persons,258088.00000000003
2048,0-4,male,1755619.0
2048,5-9,male,1777109.0
2048,10-14,male,1737053.0
2048,15-19,male,1731031.0
2048,20-24,male,1816963.0
2048,25-29,male,1892684.0
2048,30-34,male,2030565.0
2048,35-39,male,2064872.0
2048,40-44,male,1897083.0
2048,45-49,male,1769528.0
2048,50-54,male,1879992.0
2048,55-59,male,1915127.0
2048,60-64,male,1806873.0
2048,65-69,male,1700766.0
2048,70-74,male,1466333.0
2048,75-79,male,1456984.0
2048,80-84,male,1232325.0
2048,85-89,male,795242.0
2048,90-94,male,352557.0
2048,95-99,male,98233.0
2048,0-4,female,1673303.0
2048,5-9,female,1694857.0
2048,10-14,female,1654597.0
2048,15-19,female,1640935.0
2048,20-24,female,1712518.0
2048,25-29,female,1788179.0
2048,30-34,female,1924498.0
2048,35-39,female,1976675.0
2048,40-44,female,1829676.0
2048,45-49,female,1716883.0
2048,50-54,female,1836374.0
2048,55-59,female,1925365.0
2048,60-64,female,1891053.0
2048,65-69,female,1813159.0
2048,70-74,female,1581719.0
2048,75-79,female,1635176.0
2048,80-84,female,1461373.0
2048,85-89,female,1017319.0
2048,90-94,female,503374.0
2048,95-99,female,162770.0
2048,0-4,persons,3428922.0
2048,5-9,persons,3471966.0
2048,10-14,persons,3391650.0
2048,15-19,persons,3371966.0
2048,20-24,persons,3529481.0
2048,25-29,persons,3680863.0
2048,30-34,persons,3955063.0
2048,35-39,persons,4041547.0
2048,40-44,persons,3726759.0
2048,45-49,persons,3486411.0
2048,50-54,persons,3716366.0
2048,55-59,persons,3840492.0
2048,60-64,persons,3697926.0
2048,65-69,persons,3513925.0
2048,70-74,persons,3048052.0
2048,75-79,persons,3092160.0
2048,80-84,persons,2693698.0
2048,85-89,persons,1812561.0
2048,90-94,persons,855931.0
2048,95-99,persons,261003.0
2049,0-4,male,1752901.0
2049,5-9,male,1787320.0
2049,10-14,male,1752751.0
2049,15-19,male,1738689.0
2049,20-24,male,1817073.0
2049,25-29,male,1888974.0
2049,30-34,male,2003203.0
2049,35-39,male,2072954.0
2049,40-44,male,1937162.0
2049,45-49,male,1761320.0
2049,50-54,male,1863579.0
2049,55-59,male,1916846.0
2049,60-64,male,1823598.0
2049,65-69,male,1709725.0
2049,70-74,male,1480615.0
2049,75-79,male,1431905.0
2049,80-84,male,1236205.0
2049,85-89,male,823680.0
2049,90-94,male,367233.0
2049,95-99,male,100755.0
2049,0-4,female,1670707.0
2049,5-9,female,1704574.0
2049,10-14,female,1669544.0
2049,15-19,female,1648218.0
2049,20-24,female,1712584.0
2049,25-29,female,1784513.0
2049,30-34,female,1899209.0
2049,35-39,female,1983488.0
2049,40-44,female,1868031.0
2049,45-49,female,1708198.0
2049,50-54,female,1818407.0
2049,55-59,female,1915102.0
2049,60-64,female,1900705.0
2049,65-69,female,1826384.0
2049,70-74,female,1594973.0
2049,75-79,female,1603713.0
2049,80-84,female,1464498.0
2049,85-89,female,1052917.0
2049,90-94,female,522086.0
2049,95-99,female,166229.0
2049,0-4,persons,3423608.0
2049,5-9,persons,3491894.0
2049,10-14,persons,3422295.0
2049,15-19,persons,3386907.0
2049,20-24,persons,3529657.0
2049,25-29,persons,3673487.0
2049,30-34,persons,3902412.0
2049,35-39,persons,4056442.0
2049,40-44,persons,3805193.0
2049,45-49,persons,3469518.0
2049,50-54,persons,3681986.0
2049,55-59,persons,3831948.0
2049,60-64,persons,3724303.0
2049,65-69,persons,3536109.0
2049,70-74,persons,3075588.0
2049,75-79,persons,3035618.0
2049,80-84,persons,2700703.0
2049,85-89,persons,1876597.0
2049,90-94,persons,889319.0
2049,95-99,persons,266984.0
2050,0-4,male,1748329.0
2050,5-9,male,1794843.0
2050,10-14,male,1768956.0
2050,15-19,male,1748088.0
2050,20-24,male,1818077.0
2050,25-29,male,1883855.0
2050,30-34,male,1977899.0
2050,35-39,male,2073836.0
2050,40-44,male,1977483.0
2050,45-49,male,1768234.0
2050,50-54,male,1846655.0
2050,55-59,male,1902085.0
2050,60-64,male,1838147.0
2050,65-69,male,1717346.0
2050,70-74,male,1510415.0
2050,75-79,male,1408975.0
2050,80-84,male,1233062.0
2050,85-89,male,849692.0
2050,90-94,male,383114.0
2050,95-99,male,103528.0
2050,0-4,female,1666341.0
2050,5-9,female,1711734.0
2050,10-14,female,1684966.0
2050,15-19,female,1657156.0
2050,20-24,female,1713509.0
2050,25-29,female,1779535.0
2050,30-34,female,1876433.0
2050,35-39,female,1982591.0
2050,40-44,female,1906746.0
2050,45-49,female,1715855.0
2050,50-54,female,1798472.0
2050,55-59,female,1895961.0
2050,60-64,female,1904450.0
2050,65-69,female,1830880.0
2050,70-74,female,1628367.0
2050,75-79,female,1574649.0
2050,80-84,female,1458212.0
2050,85-89,female,1086166.0
2050,90-94,female,542931.0
2050,95-99,female,169686.0
2050,0-4,persons,3414670.0
2050,5-9,persons,3506577.0
2050,10-14,persons,3453922.0
2050,15-19,persons,3405244.0
2050,20-24,persons,3531586.0
2050,25-29,persons,3663390.0
2050,30-34,persons,3854332.0
2050,35-39,persons,4056427.0
2050,40-44,persons,3884229.0
2050,45-49,persons,3484089.0
2050,50-54,persons,3645127.0
2050,55-59,persons,3798046.0
2050,60-64,persons,3742597.0
2050,65-69,persons,3548226.0
2050,70-74,persons,3138782.0
2050,75-79,persons,2983624.0
2050,80-84,persons,2691274.0
2050,85-89,persons,1935858.0
2050,90-94,persons,926045.0
2050,95-99,persons,273214.0
2051,0-4,male,1742315.0
2051,5-9,male,1799634.0
2051,10-14,male,1784801.0
2051,15-19,male,1759310.0
2051,20-24,male,1820316.0
2051,25-29,male,1880399.0
2051,30-34,male,1948400.0
2051,35-39,male,2069354.0
2051,40-44,male,2010465.0
2051,45-49,male,1798773.0
2051,50-54,male,1818254.0
2051,55-59,male,1883770.0
2051,60-64,male,1859054.0
2051,65-69,male,1725823.0
2051,70-74,male,1544120.0
2051,75-79,male,1375548.0
2051,80-84,male,1237542.0
2051,85-89,male,868605.0
2051,90-94,male,400877.0
2051,95-99,male,107794.0
2051,0-4,female,1660605.0
2051,5-9,female,1716294.0
2051,10-14,female,1700047.0
2051,15-19,female,1667825.0
2051,20-24,female,1715627.0
2051,25-29,female,1776156.0
2051,30-34,female,1849268.0
2051,35-39,female,1977326.0
2051,40-44,female,1938293.0
2051,45-49,female,1743032.0
2051,50-54,female,1773899.0
2051,55-59,female,1868929.0
2051,60-64,female,1915013.0
2051,65-69,female,1835869.0
2051,70-74,female,1666719.0
2051,75-79,female,1533044.0
2051,80-84,female,1461038.0
2051,85-89,female,1110637.0
2051,90-94,female,566337.0
2051,95-99,female,175295.0
2051,0-4,persons,3402920.0
2051,5-9,persons,3515928.0
2051,10-14,persons,3484848.0
2051,15-19,persons,3427135.0
2051,20-24,persons,3535943.0
2051,25-29,persons,3656555.0
2051,30-34,persons,3797668.0
2051,35-39,persons,4046680.0
2051,40-44,persons,3948758.0
2051,45-49,persons,3541805.0
2051,50-54,persons,3592153.0
2051,55-59,persons,3752699.0
2051,60-64,persons,3774067.0
2051,65-69,persons,3561692.0
2051,70-74,persons,3210839.0
2051,75-79,persons,2908592.0
2051,80-84,persons,2698580.0
2051,85-89,persons,1979242.0
2051,90-94,persons,967214.0
2051,95-99,persons,283089.0
2052,0-4,male,1735336.0
2052,5-9,male,1801692.0
2052,10-14,male,1799493.0
2052,15-19,male,1772287.0
2052,20-24,male,1824186.0
2052,25-29,male,1878920.0
2052,30-34,male,1924959.0
2052,35-39,male,2047982.0
2052,40-44,male,2043474.0
2052,45-49,male,1844349.0
2052,50-54,male,1785043.0
2052,55-59,male,1873975.0
2052,60-64,male,1876970.0
2052,65-69,male,1730532.0
2052,70-74,male,1577778.0
2052,75-79,male,1345785.0
2052,80-84,male,1234630.0
2052,85-89,male,883890.0
2052,90-94,male,419771.0
2052,95-99,male,113072.0
2052,0-4,female,1653947.0
2052,5-9,female,1718250.0
2052,10-14,female,1714035.0
2052,15-19,female,1680167.0
2052,20-24,female,1719293.0
2052,25-29,female,1774686.0
2052,30-34,female,1827702.0
2052,35-39,female,1955687.0
2052,40-44,female,1971888.0
2052,45-49,female,1785727.0
2052,50-54,female,1740319.0
2052,55-59,female,1846381.0
2052,60-64,female,1920688.0
2052,65-69,female,1842562.0
2052,70-74,female,1709733.0
2052,75-79,female,1497189.0
2052,80-84,female,1454461.0
2052,85-89,female,1126967.0
2052,90-94,female,591203.0
2052,95-99,female,182784.0
2052,0-4,persons,3389283.0
2052,5-9,persons,3519942.0
2052,10-14,persons,3513528.0
2052,15-19,persons,3452454.0
2052,20-24,persons,3543479.0
2052,25-29,persons,3653606.0
2052,30-34,persons,3752661.0
2052,35-39,persons,4003669.0
2052,40-44,persons,4015362.0
2052,45-49,persons,3630076.0
2052,50-54,persons,3525362.0
2052,55-59,persons,3720356.0
2052,60-64,persons,3797658.0
2052,65-69,persons,3573094.0
2052,70-74,persons,3287511.0
2052,75-79,persons,2842974.0
2052,80-84,persons,2689091.0
2052,85-89,persons,2010857.0
2052,90-94,persons,1010974.0
2052,95-99,persons,295856.0
2053,0-4,male,1727886.0
2053,5-9,male,1801135.0
2053,10-14,male,1812317.0
2053,15-19,male,1786790.0
2053,20-24,male,1829998.0
2053,25-29,male,1878608.0
2053,30-34,male,1909678.0
2053,35-39,male,2025920.0
2053,40-44,male,2056176.0
2053,45-49,male,1895483.0
2053,50-54,male,1765944.0
2053,55-59,male,1862125.0
2053,60-64,male,1876356.0
2053,65-69,male,1746834.0
2053,70-74,male,1607434.0
2053,75-79,male,1331699.0
2053,80-84,male,1225532.0
2053,85-89,male,892524.0
2053,90-94,male,437895.0
2053,95-99,male,119186.0
2053,0-4,female,1646836.0
2053,5-9,female,1717703.0
2053,10-14,female,1726254.0
2053,15-19,female,1693960.0
2053,20-24,female,1724812.0
2053,25-29,female,1774328.0
2053,30-34,female,1814352.0
2053,35-39,female,1934622.0
2053,40-44,female,1983141.0
2053,45-49,female,1835125.0
2053,50-54,female,1720170.0
2053,55-59,female,1829114.0
2053,60-64,female,1907298.0
2053,65-69,female,1854975.0
2053,70-74,female,1747920.0
2053,75-79,female,1478276.0
2053,80-84,female,1439386.0
2053,85-89,female,1136133.0
2053,90-94,female,615749.0
2053,95-99,female,191542.0
2053,0-4,persons,3374722.0
2053,5-9,persons,3518838.0
2053,10-14,persons,3538571.0
2053,15-19,persons,3480750.0
2053,20-24,persons,3554810.0
2053,25-29,persons,3652936.0
2053,30-34,persons,3724030.0
2053,35-39,persons,3960542.0
2053,40-44,persons,4039317.0
2053,45-49,persons,3730608.0
2053,50-54,persons,3486114.0
2053,55-59,persons,3691239.0
2053,60-64,persons,3783654.0
2053,65-69,persons,3601809.0
2053,70-74,persons,3355354.0
2053,75-79,persons,2809975.0
2053,80-84,persons,2664918.0
2053,85-89,persons,2028657.0
2053,90-94,persons,1053644.0
2053,95-99,persons,310728.0
2054,0-4,male,1720440.0
2054,5-9,male,1798434.0
2054,10-14,male,1822525.0
2054,15-19,male,1802493.0
2054,20-24,male,1837667.0
2054,25-29,male,1878744.0
2054,30-34,male,1906026.0
2054,35-39,male,1998721.0
2054,40-44,male,2064327.0
2054,45-49,male,1935383.0
2054,50-54,male,1758098.0
2054,55-59,male,1846295.0
2054,60-64,male,1878515.0
2054,65-69,male,1763665.0
2054,70-74,male,1616885.0
2054,75-79,male,1346760.0
2054,80-84,male,1206524.0
2054,85-89,male,898571.0
2054,90-94,male,456419.0
2054,95-99,male,125403.0
2054,0-4,female,1639738.0
2054,5-9,female,1715118.0
2054,10-14,female,1735969.0
2054,15-19,female,1708902.0
2054,20-24,female,1732109.0
2054,25-29,female,1774405.0
2054,30-34,female,1810722.0
2054,35-39,female,1909455.0
2054,40-44,female,1989999.0
2054,45-49,female,1873371.0
2054,50-54,female,1711726.0
2054,55-59,female,1811580.0
2054,60-64,female,1897533.0
2054,65-69,female,1864897.0
2054,70-74,female,1761318.0
2054,75-79,female,1492359.0
2054,80-84,female,1413517.0
2054,85-89,female,1141781.0
2054,90-94,female,640732.0
2054,95-99,female,200556.0
2054,0-4,persons,3360178.0
2054,5-9,persons,3513552.0
2054,10-14,persons,3558494.0
2054,15-19,persons,3511395.0
2054,20-24,persons,3569776.0
2054,25-29,persons,3653149.0
2054,30-34,persons,3716748.0
2054,35-39,persons,3908176.0
2054,40-44,persons,4054326.0
2054,45-49,persons,3808754.0
2054,50-54,persons,3469824.0
2054,55-59,persons,3657875.0
2054,60-64,persons,3776048.0
2054,65-69,persons,3628562.0
2054,70-74,persons,3378203.0
2054,75-79,persons,2839119.0
2054,80-84,persons,2620041.0
2054,85-89,persons,2040352.0
2054,90-94,persons,1097151.0
2054,95-99,persons,325959.0
2055,0-4,male,1713447.0
2055,5-9,male,1793874.0
2055,10-14,male,1830053.0
2055,15-19,male,1818694.0
2055,20-24,male,1847087.0
2055,25-29,male,1879766.0
2055,30-34,male,1900961.0
2055,35-39,male,1973585.0
2055,40-44,male,2065310.0
2055,45-49,male,1975542.0
2055,50-54,male,1765196.0
2055,55-59,male,1829923.0
2055,60-64,male,1864596.0
2055,65-69,male,1778513.0
2055,70-74,male,1625327.0
2055,75-79,male,1375913.0
2055,80-84,male,1189230.0
2055,85-89,male,899416.0
2055,90-94,male,473430.0
2055,95-99,male,131941.0
2055,0-4,female,1633069.0
2055,5-9,female,1710771.0
2055,10-14,female,1743128.0
2055,15-19,female,1724322.0
2055,20-24,female,1741066.0
2055,25-29,female,1775336.0
2055,30-34,female,1805782.0
2055,35-39,female,1886795.0
2055,40-44,female,1989180.0
2055,45-49,female,1911979.0
2055,50-54,female,1719502.0
2055,55-59,female,1792063.0
2055,60-64,female,1879017.0
2055,65-69,female,1869074.0
2055,70-74,female,1766521.0
2055,75-79,female,1525282.0
2055,80-84,female,1389652.0
2055,85-89,female,1140028.0
2055,90-94,female,664003.0
2055,95-99,female,210154.0
2055,0-4,persons,3346516.0
2055,5-9,persons,3504645.0
2055,10-14,persons,3573181.0
2055,15-19,persons,3543016.0
2055,20-24,persons,3588153.0
2055,25-29,persons,3655102.0
2055,30-34,persons,3706743.0
2055,35-39,persons,3860380.0
2055,40-44,persons,4054490.0
2055,45-49,persons,3887521.0
2055,50-54,persons,3484698.0
2055,55-59,persons,3621986.0
2055,60-64,persons,3743613.0
2055,65-69,persons,3647587.0
2055,70-74,persons,3391848.0
2055,75-79,persons,2901195.0
2055,80-84,persons,2578882.0
2055,85-89,persons,2039444.0
2055,90-94,persons,1137433.0
2055,95-99,persons,342095.0
2056,0-4,male,1707271.0
2056,5-9,male,1787878.0
2056,10-14,male,1834844.0
2056,15-19,male,1834541.0
2056,20-24,male,1858327.0
2056,25-29,male,1882024.0
2056,30-34,male,1897555.0
2056,35-39,male,1944273.0
2056,40-44,male,2060969.0
2056,45-49,male,2008427.0
2056,50-54,male,1795670.0
2056,55-59,male,1802256.0
2056,60-64,male,1847284.0
2056,65-69,male,1799500.0
2056,70-74,male,1634535.0
2056,75-79,male,1408262.0
2056,80-84,male,1163633.0
2056,85-89,male,906287.0
2056,90-94,male,486543.0
2056,95-99,male,139419.0
2056,0-4,female,1627172.0
2056,5-9,female,1705056.0
2056,10-14,female,1747688.0
2056,15-19,female,1739404.0
2056,20-24,female,1751750.0
2056,25-29,female,1777459.0
2056,30-34,female,1802434.0
2056,35-39,female,1859754.0
2056,40-44,female,1984012.0
2056,45-49,female,1943465.0
2056,50-54,female,1746655.0
2056,55-59,female,1767953.0
2056,60-64,female,1852799.0
2056,65-69,female,1879928.0
2056,70-74,female,1772185.0
2056,75-79,female,1562553.0
2056,80-84,female,1355318.0
2056,85-89,female,1145951.0
2056,90-94,female,681885.0
2056,95-99,female,221089.0
2056,0-4,persons,3334443.0
2056,5-9,persons,3492934.0
2056,10-14,persons,3582532.0
2056,15-19,persons,3573945.0
2056,20-24,persons,3610077.0
2056,25-29,persons,3659483.0
2056,30-34,persons,3699989.0
2056,35-39,persons,3804027.0
2056,40-44,persons,4044981.0
2056,45-49,persons,3951892.0
2056,50-54,persons,3542325.0
2056,55-59,persons,3570209.0
2056,60-64,persons,3700083.0
2056,65-69,persons,3679428.0
2056,70-74,persons,3406720.0
2056,75-79,persons,2970815.0
2056,80-84,persons,2518951.0
2056,85-89,persons,2052238.0
2056,90-94,persons,1168428.0
2056,95-99,persons,360508.0
2057,0-4,male,1702186.0
2057,5-9,male,1780918.0
2057,10-14,male,1836906.0
2057,15-19,male,1849234.0
2057,20-24,male,1871320.0
2057,25-29,male,1885912.0
2057,30-34,male,1896121.0
2057,35-39,male,1921001.0
2057,40-44,male,2039836.0
2057,45-49,male,2041345.0
2057,50-54,male,1840999.0
2057,55-59,male,1769861.0
2057,60-64,male,1838264.0
2057,65-69,male,1817416.0
2057,70-74,male,1640028.0
2057,75-79,male,1440150.0
2057,80-84,male,1141182.0
2057,85-89,male,907570.0
2057,90-94,male,497973.0
2057,95-99,male,147440.0
2057,0-4,female,1622320.0
2057,5-9,female,1698415.0
2057,10-14,female,1749649.0
2057,15-19,female,1753392.0
2057,20-24,female,1764107.0
2057,25-29,female,1781137.0
2057,30-34,female,1801000.0
2057,35-39,female,1838293.0
2057,40-44,female,1962532.0
2057,45-49,female,1976994.0
2057,50-54,female,1789205.0
2057,55-59,female,1734931.0
2057,60-64,female,1831012.0
2057,65-69,female,1885979.0
2057,70-74,female,1779459.0
2057,75-79,female,1603801.0
2057,80-84,female,1325921.0
2057,85-89,female,1143910.0
2057,90-94,female,694922.0
2057,95-99,female,232856.0
2057,0-4,persons,3324506.0
2057,5-9,persons,3479333.0
2057,10-14,persons,3586555.0
2057,15-19,persons,3602626.0
2057,20-24,persons,3635427.0
2057,25-29,persons,3667049.0
2057,30-34,persons,3697121.0
2057,35-39,persons,3759294.0
2057,40-44,persons,4002368.0
2057,45-49,persons,4018339.0
2057,50-54,persons,3630204.0
2057,55-59,persons,3504792.0
2057,60-64,persons,3669276.0
2057,65-69,persons,3703395.0
2057,70-74,persons,3419487.0
2057,75-79,persons,3043951.0
2057,80-84,persons,2467103.0
2057,85-89,persons,2051480.0
2057,90-94,persons,1192895.0
2057,95-99,persons,380296.0
2058,0-4,male,1698400.0
2058,5-9,male,1773489.0
2058,10-14,male,1836350.0
2058,15-19,male,1862056.0
2058,20-24,male,1885835.0
2058,25-29,male,1891750.0
2058,30-34,male,1895848.0
2058,35-39,male,1905852.0
2058,40-44,male,2018001.0
2058,45-49,male,2054113.0
2058,50-54,male,1891820.0
2058,55-59,male,1751391.0
2058,60-64,male,1827166.0
2058,65-69,male,1817508.0
2058,70-74,male,1656590.0
2058,75-79,male,1468288.0
2058,80-84,male,1132040.0
2058,85-89,male,903604.0
2058,90-94,male,505528.0
2058,95-99,male,155238.0
2058,0-4,female,1618706.0
2058,5-9,female,1691324.0
2058,10-14,female,1749112.0
2058,15-19,female,1765610.0
2058,20-24,female,1777914.0
2058,25-29,female,1786667.0
2058,30-34,female,1800672.0
2058,35-39,female,1825023.0
2058,40-44,female,1941614.0
2058,45-49,female,1988283.0
2058,50-54,female,1838402.0
2058,55-59,female,1715221.0
2058,60-64,female,1814372.0
2058,65-69,female,1873397.0
2058,70-74,female,1792263.0
2058,75-79,female,1640370.0
2058,80-84,female,1311561.0
2058,85-89,female,1134633.0
2058,90-94,female,703653.0
2058,95-99,female,244588.0
2058,0-4,persons,3317106.0
2058,5-9,persons,3464813.0
2058,10-14,persons,3585462.0
2058,15-19,persons,3627666.0
2058,20-24,persons,3663749.0
2058,25-29,persons,3678417.0
2058,30-34,persons,3696520.0
2058,35-39,persons,3730875.0
2058,40-44,persons,3959615.0
2058,45-49,persons,4042396.0
2058,50-54,persons,3730222.0
2058,55-59,persons,3466612.0
2058,60-64,persons,3641538.0
2058,65-69,persons,3690905.0
2058,70-74,persons,3448853.0
2058,75-79,persons,3108658.0
2058,80-84,persons,2443601.0
2058,85-89,persons,2038237.0
2058,90-94,persons,1209181.0
2058,95-99,persons,399826.0
2059,0-4,male,1696048.0
2059,5-9,male,1766066.0
2059,10-14,male,1833657.0
2059,15-19,male,1872266.0
2059,20-24,male,1901553.0
2059,25-29,male,1899435.0
2059,30-34,male,1896027.0
2059,35-39,male,1902283.0
2059,40-44,male,1991042.0
2059,45-49,male,2062366.0
2059,50-54,male,1931504.0
2059,55-59,male,1744039.0
2059,60-64,male,1812186.0
2059,65-69,male,1820285.0
2059,70-74,male,1673564.0
2059,75-79,male,1478325.0
2059,80-84,male,1147887.0
2059,85-89,male,892142.0
2059,90-94,male,512035.99999999994
2059,95-99,male,163179.0
2059,0-4,female,1616462.0
2059,5-9,female,1684241.0
2059,10-14,female,1746538.0
2059,15-19,female,1775326.0
2059,20-24,female,1792873.0
2059,25-29,female,1793970.0
2059,30-34,female,1800773.0
2059,35-39,female,1821448.0
2059,40-44,female,1916598.0
2059,45-49,female,1995209.0
2059,50-54,female,1876505.0
2059,55-59,female,1707118.0
2059,60-64,female,1797454.0
2059,65-69,female,1864343.0
2059,70-74,female,1802565.0
2059,75-79,female,1653961.0
2059,80-84,female,1326758.0
2059,85-89,female,1116760.0
2059,90-94,female,710763.0
2059,95-99,female,256458.00000000003
2059,0-4,persons,3312510.0
2059,5-9,persons,3450307.0
2059,10-14,persons,3580195.0
2059,15-19,persons,3647592.0
2059,20-24,persons,3694426.0
2059,25-29,persons,3693405.0
2059,30-34,persons,3696800.0
2059,35-39,persons,3723731.0
2059,40-44,persons,3907640.0
2059,45-49,persons,4057575.0
2059,50-54,persons,3808009.0
2059,55-59,persons,3451157.0
2059,60-64,persons,3609640.0
2059,65-69,persons,3684628.0
2059,70-74,persons,3476129.0
2059,75-79,persons,3132286.0
2059,80-84,persons,2474645.0
2059,85-89,persons,2008902.0
2059,90-94,persons,1222799.0
2059,95-99,persons,419637.0
2060,0-4,male,1695184.0
2060,5-9,male,1759092.0
2060,10-14,male,1829110.0
2060,15-19,male,1879799.0
2060,20-24,male,1917769.0
2060,25-29,male,1908875.0
2060,30-34,male,1897089.0
2060,35-39,male,1897301.0
2060,40-44,male,1966154.0
2060,45-49,male,2063497.0
2060,50-54,male,1971458.0
2060,55-59,male,1751391.0
2060,60-64,male,1796620.0
2060,65-69,male,1807550.0
2060,70-74,male,1688823.0
2060,75-79,male,1487857.0
2060,80-84,male,1175752.0
2060,85-89,male,881897.0
2060,90-94,male,515485.0
2060,95-99,male,170496.0
2060,0-4,female,1615635.0
2060,5-9,female,1677582.0
2060,10-14,female,1742202.0
2060,15-19,female,1782492.0
2060,20-24,female,1808305.0
2060,25-29,female,1802938.0
2060,30-34,female,1801734.0
2060,35-39,female,1816558.0
2060,40-44,female,1894090.0
2060,45-49,female,1994487.0
2060,50-54,female,1914973.0
2060,55-59,female,1715056.0
2060,60-64,female,1778543.0
2060,65-69,female,1846724.0
2060,70-74,female,1807385.0
2060,75-79,female,1660204.0
2060,80-84,female,1358763.0
2060,85-89,female,1100371.0
2060,90-94,female,713166.0
2060,95-99,female,267483.0
2060,0-4,persons,3310819.0
2060,5-9,persons,3436674.0
2060,10-14,persons,3571312.0
2060,15-19,persons,3662291.0
2060,20-24,persons,3726074.0
2060,25-29,persons,3711813.0
2060,30-34,persons,3698823.0
2060,35-39,persons,3713859.0
2060,40-44,persons,3860244.0
2060,45-49,persons,4057984.0
2060,50-54,persons,3886431.0
2060,55-59,persons,3466447.0
2060,60-64,persons,3575163.0
2060,65-69,persons,3654274.0
2060,70-74,persons,3496208.0
2060,75-79,persons,3148061.0
2060,80-84,persons,2534515.0
2060,85-89,persons,1982268.0
2060,90-94,persons,1228651.0
2060,95-99,persons,437979.0
